0.0,(1+0j)
0.009775171065493646,(0.99999999971467+2.3888492337644014e-05j)
0.019550342130987292,(0.9999999954347195+9.555396921425396e-05j)
0.02932551319648094,(0.9999999768882674+0.00021499642940293109j)
0.039100684261974585,(0.9999999269555124+0.00038221586813240243j)
0.04887585532746823,(0.9999998216687346+0.0005972122729973585j)
0.05865102639296188,(0.9999996302122999+0.0008599856182329274j)
0.06842619745845552,(0.9999993149226687+0.0011705358573532857j)
0.07820136852394917,(0.9999988312884119+0.0015288629141544138j)
0.08797653958944282,(0.9999981279502367+0.0019349666720809957j)
0.09775171065493646,(0.9999971467010255+0.0023888469619574824j)
0.10752688172043011,(0.9999958224858935+0.0028905035480833335j)
0.11730205278592376,(0.9999940834022673+0.0034399361126924532j)
0.1270772238514174,(0.9999918506999921+0.004037144238776871j)
0.13685239491691104,(0.9999890387814718+0.0046821273912747j)
0.1466275659824047,(0.999985555201848+0.0053748848966224385j)
0.15640273704789834,(0.9999813006692261+0.006115415920671686j)
0.16617790811339198,(0.9999761690449553+0.00690371944497039j)
0.17595307917888564,(0.9999700473439695+0.007739794241408722j)
0.18572825024437928,(0.9999628157351987+0.008623638845229724j)
0.19550342130987292,(0.9999543475420601+0.009555251526404955j)
0.20527859237536658,(0.9999445092430371+0.010534630259375271j)
0.21505376344086022,(0.9999331604723578+0.011561772691157044j)
0.22482893450635386,(0.9999201540207829+0.012636676107814113j)
0.23460410557184752,(0.9999053358365142+0.013759337399295756j)
0.24437927663734116,(0.9998885450262359+0.014929753022641129j)
0.2541544477028348,(0.9998696138563+0.016147918963550598j)
0.26392961876832843,(0.9998483677540708+0.017413830696324465j)
0.27370478983382207,(0.9998246253094388+0.01872748314216969j)
0.28347996089931576,(0.9997981982765206+0.02008887062587523j)
0.2932551319648094,(0.9997688915755583+0.021497986830856734j)
0.30303030303030304,(0.9997365032950326+0.022954824752571483j)
0.3128054740957967,(0.9997008246940075+0.024459376650304336j)
0.3225806451612903,(0.999661640204719+0.026011633997325822j)
0.33235581622678395,(0.9996187274354295+0.027611587429423462j)
0.3421309872922776,(0.9995718571735588+0.02925922669180747j)
0.3519061583577713,(0.9995207933891167+0.030954540584392343j)
0.3616813294232649,(0.9994652932384483+0.03269751690545556j)
0.37145650048875856,(0.9994051070683168+0.03448814239367535j)
0.3812316715542522,(0.9993399784203384+0.036326402668548946j)
0.39100684261974583,(0.9992696440357938+0.03821228216919341j)
0.40078201368523947,(0.9991938338608316+0.04014576409153112j)
0.41055718475073316,(0.9991122710520898+0.04212683032386204j)
0.4203323558162268,(0.9990246719827526+0.04415546138082523j)
0.43010752688172044,(0.9989307462490674+0.046231636335752384j)
0.4398826979472141,(0.9988301966773431+0.048355332751415805j)
0.4496578690127077,(0.9987227193314531+0.05052652660917424j)
0.45943304007820135,(0.9986080035208673+0.052745192236519536j)
0.46920821114369504,(0.9984857318092365+0.05501130223302767j)
0.4789833822091887,(0.9983555800235534+0.05732482739471779j)
0.4887585532746823,(0.9982172172639179+0.05968573663682336j)
0.49853372434017595,(0.9980703059139283+0.06209399691497932j)
0.5083088954056696,(0.9979145016517298+0.06454957314483004j)
0.5180840664711632,(0.9977494534617415+0.06705242812006253j)
0.5278592375366569,(0.9975748036470943+0.06960252242887026j)
0.5376344086021505,(0.9973901878428036+0.0721998143688526j)
0.5474095796676441,(0.9971952350297085+0.0748442598603558j)
0.5571847507331378,(0.9969895675492019+0.07753581235826132j)
0.5669599217986315,(0.9967728011187861+0.08027442276222801j)
0.5767350928641252,(0.9965445448484799+0.08306003932539464j)
0.5865102639296188,(0.9963044012581083+0.08589260756155j)
0.5962854349951124,(0.9960519662955067+0.08877207015077786j)
0.6060606060606061,(0.9957868293556705+0.09169836684358468j)
0.6158357771260997,(0.9955085733008803+0.09467143436351823j)
0.6256109481915934,(0.9952167744818372+0.09769120630828591j)
0.635386119257087,(0.9949110027598403+0.10075761304938158j)
0.6451612903225806,(0.9945908215300389+0.10387058163023079j)
0.6549364613880743,(0.9942557877457924+0.10703003566286395j)
0.6647116324535679,(0.9939054519441753+0.11023589522312827j)
0.6744868035190615,(0.9935393582726585+0.11348807674444923j)
0.6842619745845552,(0.9931570445170023+0.11678649291015308j)
0.6940371456500489,(0.9927580421303993+0.1201310525443623j)
0.7038123167155426,(0.9923418762639002+0.1235216605014764j)
0.7135874877810362,(0.9919080657981603+0.12695821755425155j)
0.7233626588465298,(0.9914561233765418+0.13044062028049216j)
0.7331378299120235,(0.9909855554396133+0.13396876094836876j)
0.7429130009775171,(0.9904958622610781+0.13754252740037692j)
0.7526881720430108,(0.9899865379851744+0.1411618029359531j)
0.7624633431085044,(0.9894570706655831+0.14482646619276243j)
0.772238514173998,(0.9889069423058827+0.1485363910266761j)
0.7820136852394917,(0.9883356289015909+0.15229144639045522j)
0.7917888563049853,(0.9877426004838313+0.15609149621115906j)
0.8015640273704789,(0.9871273211646671+0.15993639926629669j)
0.8113391984359726,(0.9864892491841385+0.16382600905874103j)
0.8211143695014663,(0.9858278369590494+0.16776017369042587j)
0.83088954056696,(0.9851425311335394+0.17173873573484616j)
0.8406647116324536,(0.9844327726314852+0.17576153210838413j)
0.8504398826979472,(0.9836979967107724+0.17982839394048236j)
0.8602150537634409,(0.9829376330194787+0.18393914644268813j)
0.8699902248289345,(0.982151105654012+0.1880936087765924j)
0.8797653958944281,(0.9813378332192441+0.19229159392068865j)
0.8895405669599218,(0.9804972288906842+0.19653290853617678j)
0.8993157380254154,(0.9796287004787338+0.2008173528317392j)
0.9090909090909091,(0.9787316504950672+0.205144720427316j)
0.9188660801564027,(0.9778054762211799+0.20951479821690774j)
0.9286412512218963,(0.9768495697791494+0.2139273662304352j)
0.9384164222873901,(0.975863318204651+0.21838219749468618j)
0.9481915933528837,(0.9748461035222736+0.2228790578933798j)
0.9579667644183774,(0.9737973028231789+0.22741770602638212j)
0.967741935483871,(0.9727162883451478+0.2319978930681038j)
0.9775171065493646,(0.9716024275550591+0.23661936262511585j)
0.9872922776148583,(0.9704550832338449+0.2412818505930173j)
0.9970674486803519,(0.9692736135639658+0.24598508501259164j)
1.0068426197458455,(0.968057372219452+0.25072878592528886j)
1.0166177908113392,(0.9668057084585546+0.255512665228071j)
1.0263929618768328,(0.9655179672190505+0.2603364265276615j)
1.0361681329423265,(0.9641934892162469+0.265199764994238j)
1.04594330400782,(0.9628316110437297+0.27010236721460995j)
1.0557184750733137,(0.9614316652768992+0.27504391104492476j)
1.0654936461388074,(0.9599929805793396+0.28002406546294495j)
1.075268817204301,(0.9585148818120649+0.28504249041994284j)
1.0850439882697946,(0.9569966901456863+0.2900988366922577j)
1.0948191593352883,(0.9554377231755454+0.2951927457325634j)
1.104594330400782,(0.9538372950398568+0.30032384952089486j)
1.1143695014662756,(0.9521947165409043+0.3054917704154842j)
1.1241446725317692,(0.950509295269334+0.3106961210034558j)
1.133919843597263,(0.9487803357315882+0.3159365039514347j)
1.1436950146627567,(0.9470071394805225+0.3212125118561202j)
1.1534701857282503,(0.9451890052492502+0.3265237270948817j)
1.163245356793744,(0.9433252290882547+0.331869721676431j)
1.1730205278592376,(0.9414151045058139+0.33725005709162964j)
1.1827956989247312,(0.9394579226117779+0.3426642841644907j)
1.1925708699902249,(0.9374529722647403+0.3481119429034344j)
1.2023460410557185,(0.9353995402226467+0.3535925623528599j)
1.2121212121212122,(0.9332969112968773+0.35910566044509623j)
1.2218963831867058,(0.9311443685098474+0.36465074385279617j)
1.2316715542521994,(0.9289411932561626+0.3702273078418402j)
1.241446725317693,(0.9266866654673693+0.37583483612481683j)
1.2512218963831867,(0.9243800637803375+0.38147280071514805j)
1.2609970674486803,(0.9220206657093152+0.3871406617819308j)
1.270772238514174,(0.9196077478216894+0.39283786750556543j)
1.2805474095796676,(0.917140585917493+0.3985638539342443j)
1.2903225806451613,(0.9146184552126901+0.4043180448413753j)
1.300097751710655,(0.9120406305262764+0.41009985158401646j)
1.3098729227761485,(0.9094063864712281+0.4159086729623984j)
1.3196480938416422,(0.9067149976493337+0.421743895080615j)
1.3294232649071358,(0.9039657388499382+0.427604891208561j)
1.3391984359726294,(0.9011578852526345+0.4334910216452004j)
1.348973607038123,(0.8982907126339295+0.43940163358324824j)
1.3587487781036167,(0.895363497577916+0.44533606097535056j)
1.3685239491691104,(0.8923755176909784+0.4512936244018501j)
1.3782991202346042,(0.8893260518205585+0.4572736309402252j)
1.3880742913000979,(0.8862143802780084+0.4632753740362912j)
1.3978494623655915,(0.8830397850655551+0.46929813337725745j)
1.4076246334310851,(0.8798015501074009+0.47534117476672966j)
1.4173998044965788,(0.8764989614849799+0.48140375000175445j)
1.4271749755620724,(0.8731313076763954+0.487485096752001j)
1.436950146627566,(0.8696978798000533+0.49358443844117694j)
1.4467253176930597,(0.8661979718625142+0.499700984130777j)
1.4565004887585533,(0.8626308810105767+0.5058339284062667j)
1.466275659824047,(0.858995907787611+0.5119824512658009j)
1.4760508308895406,(0.8552923563941535+0.5181457180115806j)
1.4858260019550342,(0.8515195349527759+0.5243228791439567j)
1.4956011730205279,(0.8476767557772398+0.530513070258381j)
1.5053763440860215,(0.8437633356459424+0.5367154119453182j)
1.5151515151515151,(0.8397785960796651+0.5429290096932256j)
1.5249266862170088,(0.8357218636236248+0.5491529537947106j)
1.5347018572825024,(0.8315924701338347+0.5553863192559817j)
1.544477028347996,(0.8273897530677751+0.5616281657097035j)
1.5542521994134897,(0.8231130557793715+0.5678775373313732j)
1.5640273704789833,(0.8187617278182806+0.5741334627593342j)
1.573802541544477,(0.8143351252334757+0.5803949550185455j)
1.5835777126099706,(0.8098326108811272+0.586661011448227j)
1.5933528836754642,(0.8052535547367677+0.5929306136335005j)
1.6031280547409579,(0.8005973342117303+0.5992027273411487j)
1.6129032258064515,(0.7958633344738466+0.6054763024596175j)
1.6226783968719452,(0.7910509487723871+0.611750272943385j)
1.632453567937439,(0.7861595787672278+0.6180235567618236j)
1.6422287390029326,(0.7811886348622181+0.6242950558526825j)
1.6520039100684263,(0.7761375365427305+0.6305636560803212j)
1.66177908113392,(0.7710057127173618+0.6368282271988207j)
1.6715542521994136,(0.7657926020637599+0.6430876228201068j)
1.6813294232649072,(0.7604976533785424+0.6493406803872144j)
1.6911045943304008,(0.7551203259312742+0.6555862211528292j)
1.7008797653958945,(0.7496600898224649+0.6618230501632395j)
1.710654936461388,(0.744116426345547+0.6680499562478334j)
1.7204301075268817,(0.7384888283527913+0.6742657120142782j)
1.7302052785923754,(0.732776800625113+0.6804690738495199j)
1.739980449657869,(0.726979860245719+0.6866587819267405j)
1.7497556207233627,(0.7210975369775452+0.6928335602184106j)
1.7595307917888563,(0.7151293736444253+0.6989921165155812j)
1.76930596285435,(0.7090749265159354+0.7051331424535516j)
1.7790811339198436,(0.7029337656958494+0.7112553135440555j)
1.7888563049853372,(0.6967054755141402+0.7173572892141097j)
1.7986314760508308,(0.6903896549224591+0.7234377128516649j)
1.8084066471163245,(0.6839859178930177+0.7294952118582041j)
1.8181818181818181,(0.677493893820799+0.735528397708431j)
1.8279569892473118,(0.6709132279290155+0.7415358660171933j)
1.8377321603128054,(0.6642435816777319+0.7475161966137847j)
1.847507331378299,(0.657484633175565+0.7534679536237706j)
1.8572825024437927,(0.6506360775943699+0.7593896855584839j)
1.8670576735092863,(0.643697627586815+0.765279925412333j)
1.8768328445747802,(0.6366690137067519+0.7711371907680706j)
1.8866080156402738,(0.629549984832272+0.7769599839101665j)
1.8963831867057674,(0.6223403085913457+0.7827467919464306j)
1.906158357771261,(0.6150397717899333+0.7884960869380309j)
1.9159335288367547,(0.607648180842451+0.7942063260380516j)
1.9257086999022484,(0.6001653622044741+0.7998759516387353j)
1.935483870967742,(0.5925911628075524+0.8055033915275546j)
1.9452590420332356,(0.5849254504960117+0.811087059052256j)
1.9550342130987293,(0.5771681144656069+0.8166253532950198j)
1.964809384164223,(0.5693190657038923+0.8221166592558791j)
1.9745845552297165,(0.5613782374321669+0.8275593480455367j)
1.9843597262952102,(0.5533455855488483+0.8329517770877268j)
1.9941348973607038,(0.5452210890741283+0.8382922903312552j)
2.0039100684261975,(0.5370047505957504+0.8435792184718611j)
2.013685239491691,(0.5286965967157556+0.8488108791840369j)
2.0234604105571847,(0.5202966784980286+0.8539855773629429j)
2.0332355816226784,(0.5118050719164764+0.8591016053765529j)
2.043010752688172,(0.5032218783036675+0.8641572433281623j)
2.0527859237536656,(0.49454722479975194+0.8691507593293949j)
2.0625610948191593,(0.4857812648014804+0.8740804097838333j)
2.072336265884653,(0.4769241784111333+0.8789444396814087j)
2.0821114369501466,(0.46797617288516813+0.8837410829036699j)
2.09188660801564,(0.4589374830823864+0.8884685625400621j)
2.101661779081134,(0.4498083719114203+0.8931250912153332j)
2.1114369501466275,(0.4405891307773276+0.8977088714281924j)
2.121212121212121,(0.43128008002708584+0.902218095901335j)
2.1309872922776147,(0.42188156939376575+0.9066509479429519j)
2.1407624633431084,(0.4123939784391649+0.9110056018198338j)
2.150537634408602,(0.40281771699466884+0.9152802231421823j)
2.1603128054740957,(0.3931532256001135+0.9194729692602313j)
2.1700879765395893,(0.38340097594040484+0.9235819896727876j)
2.179863147605083,(0.3735614712796599+0.9276054264477843j)
2.1896383186705766,(0.3636352468926142+0.9315414146549511j)
2.19941348973607,(0.35362287049305047+0.9353880828106884j)
2.209188660801564,(0.34352494265898353+0.9391435533352407j)
2.2189638318670575,(0.3333420972543453+0.9428059430222503j)
2.228739002932551,(0.32307500184689575+0.9463733635207768j)
2.2385141739980448,(0.3127243581220928+0.9498439218298578j)
2.2482893450635384,(0.30229090229263816+0.9532157208056855j)
2.2580645161290325,(0.2917754055034192+0.9564868596814675j)
2.267839687194526,(0.281178674231561+0.9596554346000348j)
2.2776148582600197,(0.2705015506812872+0.9627195391592606j)
2.2873900293255134,(0.2597449131733029+0.9656772649703385j)
2.297165200391007,(0.24890967652839116+0.968526702228974j)
2.3069403714565007,(0.237996792444914+0.9712659402995312j)
2.3167155425219943,(0.22700724986991072+0.9738930683121736j)
2.326490713587488,(0.21594207536347296+0.9764061757730316j)
2.3362658846529816,(0.20480233345607576+0.9788033531874246j)
2.346041055718475,(0.19358912699853992+0.9810826926961576j)
2.355816226783969,(0.18230359750429082+0.983242288724907j)
2.3655913978494625,(0.17094692548358342+0.9852802386467061j)
2.375366568914956,(0.15952033076935+0.9871946434575287j)
2.3851417399804498,(0.1480250728343276+0.9889836084649695j)
2.3949169110459434,(0.136462451099117+0.9906452439900073j)
2.404692082111437,(0.12483380523082023+0.9921776660818332j)
2.4144672531769307,(0.11314051543189971+0.9935789972457167j)
2.4242424242424243,(0.10138400271889886+0.9948473671838782j)
2.434017595307918,(0.08956572919065875+0.9959809135493238j)
2.4437927663734116,(0.07768719828566287+0.996977782712596j)
2.4535679374389052,(0.06574995502813753+0.997836130541382j)
2.463343108504399,(0.053755586262532455+0.998554123192915j)
2.4731182795698925,(0.041705720876001086+0.9991299379190942j)
2.482893450635386,(0.029602030008501225+0.9995617638842413j)
2.4926686217008798,(0.01744622725012606+0.9998478029954043j)
2.5024437927663734,(0.0052400688252799595+0.9999862707451069j)
2.512218963831867,(-0.007014646236693662+0.9999753970664349j)
2.5219941348973607,(-0.019316075944827926+0.999813427200342j)
2.5317693059628543,(-0.03166233520418524+0.9994986225750477j)
2.541544477028348,(-0.04405149568825082+0.9990292616973879j)
2.5513196480938416,(-0.056481585726466714+0.9984036410559728j)
2.5610948191593352,(-0.06895059020730801+0.9976200760359947j)
2.570869990224829,(-0.08145645049731097+0.9966769018455174j)
2.5806451612903225,(-0.09399706437645822+0.9955724744530696j)
2.590420332355816,(-0.10657028599032789+0.9943051715363547j)
2.60019550342131,(-0.11917392581942214+0.9928733934418763j)
2.6099706744868034,(-0.13180575066607947+0.9912755641552713j)
2.619745845552297,(-0.14446348365938994+0.9895101322821274j)
2.6295210166177907,(-0.15714480427851904+0.9875755720390547j)
2.6392961876832843,(-0.16984734839486018+0.9854703842547654j)
2.649071358748778,(-0.18256870833342215+0.9831930973809091j)
2.6588465298142716,(-0.19530643295387165+0.980742268512393j)
2.6686217008797652,(-0.20805802775163698+0.9781164844169119j)
2.678396871945259,(-0.22082095497949142+0.9753143625733938j)
2.6881720430107525,(-0.2335926337900228+0.9723345522190602j)
2.697947214076246,(-0.24637044039940115+0.9691757354047846j)
2.70772238514174,(-0.2591517082728559+0.965836628058421j)
2.7174975562072334,(-0.27193372833226437+0.9623159810557623j)
2.727272727272727,(-0.284713749186262+0.9586125812987759j)
2.7370478983382207,(-0.29748897738327246+0.9547252528007494j)
2.7468230694037143,(-0.31025657768786286+0.9506528577779668j)
2.7565982404692084,(-0.32301367338081655+0.946394297747525j)
2.766373411534702,(-0.335757346583318+0.9419485146308845j)
2.7761485826001957,(-0.34848463860564693+0.9373144918627321j)
2.7859237536656893,(-0.36119255032075703+0.9324912555047299j)
2.795698924731183,(-0.37387804256313+0.9274778753636996j)
2.8054740957966766,(-0.38653803655327945+0.9222734661137854j)
2.8152492668621703,(-0.3991694143482761+0.9168771884221214j)
2.825024437927664,(-0.4117690193186648+0.911288250077518j)
2.8347996089931575,(-0.42433365665213074+0.9055059071216662j)
2.844574780058651,(-0.4368600938842732+0.8995294649823451j)
2.854349951124145,(-0.44934506145683395+0.8933582796081055j)
2.8641251221896384,(-0.461785253303724+0.8869917586038866j)
2.873900293255132,(-0.4741773274651802+0.8804293623670096j)
2.8836754643206257,(-0.4865179067303821+0.8736706052229795j)
2.8934506353861194,(-0.4988035793088464+0.8667150565605073j)
2.903225806451613,(-0.5110308995309089+0.8595623419651597j)
2.9130009775171066,(-0.523196388577594+0.8522121443510198j)
2.9227761485826003,(-0.5352965352401687+0.8446642050897332j)
2.932551319648094,(-0.5473277967096558+0.8369183251363024j)
2.9423264907135875,(-0.5592865993965843+0.8289743661509713j)
2.952101661779081,(-0.5711693397812355+0.8208322516165332j)
2.961876832844575,(-0.5829723852946349+0.8124919679503815j)
2.9716520039100685,(-0.5946920752305271+0.8039535656106073j)
2.981427174975562,(-0.6063247216885634+0.7952171601954312j)
2.9912023460410557,(-0.6178666105489103+0.7862829335352517j)
3.0009775171065494,(-0.6293140024784859+0.7771511347765686j)
3.010752688172043,(-0.6406631339690043+0.767822081457035j)
3.0205278592375366,(-0.6519102184070087+0.7582961605708723j)
3.0303030303030303,(-0.6630514471760437+0.748573829623875j)
3.040078201368524,(-0.674082990791118+0.7386556176772106j)
3.0498533724340176,(-0.6850010000655797+0.7285421263792202j)
3.059628543499511,(-0.6958016073105207+0.7182340309843972j)
3.069403714565005,(-0.7064809275668024+0.7077320813587233j)
3.0791788856304985,(-0.7170350598697857+0.6970371029705182j)
3.088954056695992,(-0.7274600885468222+0.6861499978659547j)
3.0987292277614857,(-0.7377520845475536+0.6750717456283735j)
3.1085043988269794,(-0.7479071068070415+0.6638034043205266j)
3.118279569892473,(-0.7579212036417375+0.6523461114088592j)
3.1280547409579667,(-0.7677904141782743+0.6407010846689383j)
3.1378299120234603,(-0.7775107698150514+0.6288696230711149j)
3.147605083088954,(-0.7870782957165546+0.6168531076455106j)
3.1573802541544476,(-0.7964890123403408+0.6046530023253904j)
3.167155425219941,(-0.8057389369965869+0.5922708547679939j)
3.176930596285435,(-0.8148240854400873+0.5797082971518739j)
3.1867057673509285,(-0.8237404734945568+0.5669670469497882j)
3.196480938416422,(-0.8324841187090795+0.5540489076761792j)
3.2062561094819158,(-0.8410510420465102+0.5409557696082735j)
3.2160312805474094,(-0.8494372696036231+0.5276896104798177j)
3.225806451612903,(-0.8576388343627688+0.5142524961464663j)
3.2355816226783967,(-0.8656517779747777+0.5006465812218298j)
3.2453567937438903,(-0.8734721525728282+0.48687410968318073j)
3.2551319648093844,(-0.8810960226169646+0.47293741544581275j)
3.264907135874878,(-0.888519466768925+0.4588389229050487j)
3.2746823069403717,(-0.8957385797969191+0.44458114744487126j)
3.2844574780058653,(-0.9027494745099579+0.4301666959121717j)
3.294232649071359,(-0.9095482837213188+0.41559826705558267j)
3.3040078201368526,(-0.9161311622406959+0.40087865192787675j)
3.313782991202346,(-0.9224942888945594+0.38601073425090293j)
3.32355816226784,(-0.928633868574218+0.37099749074202903j)
3.3333333333333335,(-0.9345461343110485+0.35584199140106526j)
3.343108504398827,(-0.9402273493783266+0.3405473997566362j)
3.3528836754643208,(-0.9456738094190666+0.3251169730709715j)
3.3626588465298144,(-0.9508818445992396+0.3095540625020895j)
3.372434017595308,(-0.9558478217857148+0.2938621132223484j)
3.3822091886608017,(-0.9605681467482377+0.27804466449233683j)
3.3919843597262953,(-0.9650392663847206+0.2621053496890904j)
3.401759530791789,(-0.9692576709690974+0.24604789628761506j)
3.4115347018572826,(-0.9732198964209565+0.2298761257947041j)
3.421309872922776,(-0.9769225265961334+0.2135939536340551j)
3.43108504398827,(-0.9803621955974161+0.19720538898167495j)
3.4408602150537635,(-0.9835355901044773+0.18071453455059347j)
3.450635386119257,(-0.9864394517221193+0.16412558632390178j)
3.4604105571847508,(-0.9890705793458799+0.14744283323514j)
3.4701857282502444,(-0.9914258315440155+0.13067065679507892j)
3.479960899315738,(-0.9935021289548446+0.1138135306639389j)
3.4897360703812317,(-0.9952964566983985+0.09687602016811507j)
3.4995112414467253,(-0.9968058668012936+0.07986278176047762j)
3.509286412512219,(-0.998027480633704+0.06277856242334368j)
3.5190615835777126,(-0.9989584913572785+0.045628199013219246j)
3.5288367546432062,(-0.9995961663828145+0.028416617546439593j)
3.5386119257087,(-0.9999378498364601+0.011148832424839893j)
3.5483870967741935,(-0.9999809650331893-0.006170054399379319j)
3.558162267839687,(-0.999723016956255-0.023534854320421822j)
3.567937438905181,(-0.9991615947412884-0.0409402930380989j)
3.5777126099706744,(-0.9982943741636869-0.05838101158024425j)
3.587487781036168,(-0.997119120127889-0.07585156738910961j)
3.5972629521016617,(-0.9956336891571045-0.09334643547246001j)
3.6070381231671553,(-0.9938360318820373-0.11086000962008857j)
3.616813294232649,(-0.9917241955270948-0.12838660368643076j)
3.6265884652981426,(-0.9892963263925556-0.14592045293992928j)
3.6363636363636362,(-0.9865506723311238-0.1634557154797823j)
3.64613880742913,(-0.9834855852172711-0.18098647372066712j)
3.6559139784946235,(-0.9800995234077317-0.19850673594600582j)
3.665689149560117,(-0.9763910541914836-0.21601043793030764j)
3.675464320625611,(-0.9723588562275182-0.23349144463108845j)
3.6852394916911044,(-0.968001721968665-0.25094355195083096j)
3.695014662756598,(-0.9633185600697128-0.268360488569415j)
3.7047898338220917,(-0.958308397778031-0.28573591784741215j)
3.7145650048875853,(-0.9529703833048688-0.303063439800599j)
3.724340175953079,(-0.9473037881754792-0.3203365931460014j)
3.7341153470185726,(-0.9413080095561843-0.3375488574197435j)
3.7438905180840663,(-0.9349825725564722-0.3546936551669357j)
3.7536656891495603,(-0.9283271325041834-0.37176435420378906j)
3.763440860215054,(-0.9213414771918248-0.3887542699520947j)
3.7732160312805476,(-0.9140255290920136-0.40565666784617826j)
3.7829912023460412,(-0.9063793475400376-0.42246476581236425j)
3.792766373411535,(-0.8984031308814839-0.43917173682096977j)
3.8025415444770285,(-0.8900972185828759-0.455770711510764j)
3.812316715542522,(-0.8814620933032196-0.47225478088581185j)
3.822091886608016,(-0.8724983829243563-0.4886169990845419j)
3.8318670576735094,(-0.8632068625379844-0.504850386220838j)
3.841642228739003,(-0.8535884563871972-0.5209479312969022j)
3.8514173998044967,(-0.84364423976037-0.5369025951875698j)
3.8611925708699903,(-0.8333754408352017-0.5527073136957148j)
3.870967741935484,(-0.8227834424707123-0.5683550006783119j)
3.8807429130009776,(-0.8118697839449719-0.5838385512426741j)
3.8905180840664713,(-0.800636162636326-0.5991508450123212j)
3.900293255131965,(-0.7890844356458797-0.6142847494618627j)
3.9100684261974585,(-0.7772166213589702-0.6292331233202423j)
3.919843597262952,(-0.7650349009433745-0.6439888200415914j)
3.929618768328446,(-0.7525416197819652-0.6585446913429157j)
3.9393939393939394,(-0.7397392888375448-0.6728935908077319j)
3.949169110459433,(-0.7266305859475592-0.6870283775547461j)
3.9589442815249267,(-0.7132183570464153-0.700941919970558j)
3.9687194525904204,(-0.6995056173130961-0.7146270995053464j)
3.978494623655914,(-0.6854955522417979-0.7280768145303849j)
3.9882697947214076,(-0.671191518633284-0.7412839842561999j)
3.9980449657869013,(-0.6565970455046843-0.7542415527100846j)
4.007820136852395,(-0.6417158349154511-0.7669424927716325j)
4.0175953079178885,(-0.6265517627072003-0.779379810264867j)
4.027370478983382,(-0.6111088791551774-0.7915465481054812j)
4.037145650048876,(-0.5953914095290967-0.8034357905016153j)
4.0469208211143695,(-0.5794037545611099-0.8150406672065444j)
4.056695992179863,(-0.5631504908186877-0.8263543578215529j)
4.066471163245357,(-0.5466363709802062-0.8373700961472116j)
4.07624633431085,(-0.5298663240110564-0.8480811745811896j)
4.086021505376344,(-0.5128454552381038-0.8584809485606668j)
4.095796676441838,(-0.49557904632037514-0.8685628410473174j)
4.105571847507331,(-0.4780725551138486-0.8783203470527802j)
4.115347018572825,(-0.4603316154282612-0.8877470382024417j)
4.125122189638319,(-0.44236203667389806-0.896836567335276j)
4.134897360703812,(-0.4241698033963275-0.9055826731374231j)
4.144672531769306,(-0.40576107469710926-0.9139791848070977j)
4.1544477028347995,(-0.3871421835385359-0.9220200267483427j)
4.164222873900293,(-0.36831963593049033-0.9296992232910766j)
4.173998044965787,(-0.34930010999758265-0.9370109034347875j)
4.18377321603128,(-0.33009045492473843-0.9439493056131665j)
4.193548387096774,(-0.3106976897794743-0.9505087824768889j)
4.203323558162268,(-0.29112900220916643-0.956683805691669j)
4.213098729227761,(-0.2713917470116333-0.9624689707486541j)
4.222873900293255,(-0.25149344457744616-0.9678590017841292j)
4.232649071358749,(-0.2314417792024244-0.9728487564054427j)
4.242424242424242,(-0.21124459726882627-0.9774332305199837j)
4.252199413489736,(-0.19090990529384136-0.9816075631639645j)
4.2619745845552295,(-0.1704458678440169-0.9853670413276973j)
4.271749755620723,(-0.1498608053143617-0.9887071047739725j)
4.281524926686217,(-0.12916319157090594-0.9916233508460849j)
4.29130009775171,(-0.1083616514556143-0.9941115392619744j)
4.301075268817204,(-0.08746495815258136-0.9961675968908882j)
4.310850439882698,(-0.0664820304145632-0.997787622508897j)
4.320625610948191,(-0.04542192964895025-0.9989678915295355j)
4.330400782013685,(-0.024293856862391456-0.9997048607057734j)
4.340175953079179,(-0.003107149463379919-0.9999951727994552j)
4.349951124144672,(0.018128722077841865-0.9998356612142939j)
4.359726295210166,(0.039404157712536164-0.9992233545884351j)
4.3695014662756595,(0.06070943144033437-0.9981554813425568j)
4.379276637341153,(0.0820346950799936-0.9966294741794126j)
4.389051808406647,(0.1033699821842951-0.9946429745306697j)
4.39882697947214,(0.12470521209915243-0.9921938369468465j)
4.408602150537634,(0.14603019416695887-0.989280133426099j)
4.418377321603128,(0.16733463207403074-0.9859001576775657j)
4.428152492668621,(0.18860812834193452-0.9820524293149283j)
4.437927663734115,(0.2098401889623505-0.9777356979758104j)
4.447702834799609,(0.23102022817498927-0.9729489473625921j)
4.457478005865102,(0.25213757338799486-0.9676913992001859j)
4.467253176930596,(0.27318147024010087-0.9619625171062836j)
4.4770283479960895,(0.29414108780371856-0.9557620103695507j)
4.486803519061583,(0.3150055239279653-0.9490898376312266j)
4.496578690127077,(0.33576381072055217-0.9419462104655516j)
4.506353861192571,(0.3564049201672849-0.9343315968544311j)
4.516129032258065,(0.3769177698877976-0.9262467245517305j)
4.525904203323559,(0.3972912290260417-0.9176925843325625j)
4.535679374389052,(0.41751412427383877-0.9086704331229499j)
4.545454545454546,(0.4375752460257357-0.899181797005209j)
4.5552297165200395,(0.4574633546632091-0.8892284740944157j)
4.565004887585533,(0.47716718696615273-0.878812537281307j)
4.574780058651027,(0.49667546264939916-0.8679363368369856j)
4.58455522971652,(0.5159768910219112-0.8566025028747948j)
4.594330400782014,(0.5350601777661149-0.8448139476647467j)
4.604105571847508,(0.553914031834677-0.8325738677959166j)
4.613880742913001,(0.572527172461911-0.8198857461822161j)
4.623655913978495,(0.5908883362868109-0.8067533539070071j)
4.633431085043989,(0.6089862845845678-0.793180751902039j)
4.643206256109482,(0.6268098106032783-0.7791722924562207j)
4.652981427174976,(0.6443477470023679-0.7647326205498053j)
4.6627565982404695,(0.6615889733891294-0.7498666750095765j)
4.672531769305963,(0.678522423949588-0.7345796894807095j)
4.682306940371457,(0.6951370951697657-0.7188771932110102j)
4.69208211143695,(0.7114220536432453-0.7027650116433141j)
4.701857282502444,(0.72736644396078-0.6862492668118848j)
4.711632453567938,(0.7429594966775379-0.6693363775387227j)
4.721407624633431,(0.7581905363534012-0.6520330594257793j)
4.731182795698925,(0.7730489896615943-0.6343463246391424j)
4.740957966764419,(0.787524393560744-0.6162834814813573j)
4.750733137829912,(0.8016064035253229-0.5978521337481345j)
4.760508308895406,(0.8152848018292663-0.5790601798658012j)
4.7702834799608995,(0.8285495058774048-0.5599158118059431j)
4.780058651026393,(0.841390576579186-0.540427513773813j)
4.789833822091887,(0.8537982267590156-0.5206040606671836j)
4.79960899315738,(0.8657628295973898-0.5004545163024519j)
4.809384164222874,(0.8772749270968458-0.47998823140492086j)
4.819159335288368,(0.8883252385666006-0.45921484136032903j)
4.828934506353861,(0.8989046691196065-0.43814426372482695j)
4.838709677419355,(0.9090043181756057-0.41678669549075376j)
4.848484848484849,(0.9186154879636252-0.3951526101057043j)
4.858260019550342,(0.9277296920172121-0.3732527542425492j)
4.868035190615836,(0.9363386636555715-0.3510981443182212j)
4.8778103616813295,(0.9444343644436394-0.3287000627592562j)
4.887585532746823,(0.9520089926239896-0.30607005401224163j)
4.897360703812317,(0.959054991513348-0.283219920297517j)
4.9071358748778104,(0.9655650578563632-0.2601617171046463j)
4.916911045943304,(0.9715321501291629-0.2369077484283822j)
4.926686217008798,(0.9769494967851164-0.2134705617440205j)
4.936461388074291,(0.9818106044351002-0.18986294272127788j)
4.946236559139785,(0.9861092659544701-0.1660979096759986j)
4.956011730205279,(0.9898395685088377-0.14218870775922401j)
4.965786901270772,(0.992995901490646-0.11814880288339488j)
4.975562072336266,(0.9955729643584592-0.09399187538564265j)
4.9853372434017595,(0.9975657743707872-0.06973181342838865j)
4.995112414467253,(0.9989696742061893-0.045382706137691416j)
5.004887585532747,(0.9997803394613259-0.020958836480013662j)
5.0146627565982405,(0.9999937860185611+0.0035253261216578293j)
5.024437927663734,(0.9996063772746546+0.028055133431170828j)
5.034213098729228,(0.9986148312220277+0.05261576630061782j)
5.043988269794721,(0.9970162273740415+0.07719224282810824j)
5.053763440860215,(0.9948080135256817+0.10176942676996405j)
5.063538611925709,(0.9919880123410107+0.126332036205116j)
5.073313782991202,(0.9885544277587237+0.15086465244921488j)
5.083088954056696,(0.9845058512071222+0.17535172921571046j)
5.0928641251221896,(0.9798412676198136+0.19977760202083913j)
5.102639296187683,(0.9745600612434363+0.22412649782921637j)
5.112414467253177,(0.9686620212287168+0.24838254493642858j)
5.1221896383186705,(0.9621473469961856+0.2725297830847144j)
5.131964809384164,(0.9550166533678898+0.29655217380757115j)
5.141739980449658,(0.9472709754564813+0.32043361099879386j)
5.151515151515151,(0.9389117733030972+0.3441579317011791j)
5.161290322580645,(0.9299409362554966+0.36770892710981395j)
5.171065493646139,(0.9203607870779794+0.39107035378458727j)
5.180840664711632,(0.9101740857846823+0.4142259450662377j)
5.190615835777126,(0.8993840331879229+0.4371594226899669j)
5.20039100684262,(0.8879942741533566+0.45985450859032934j)
5.210166177908113,(0.8760089005538011+0.48229493689082054j)
5.219941348973607,(0.8634324539137023+0.504464466071261j)
5.2297165200391005,(0.8502699277363266+0.5263468913057832j)
5.239491691104594,(0.8365267695059019+0.5479260569639116j)
5.249266862170088,(0.8222088823570588+0.5691858692669348j)
5.259042033235581,(0.8073226264040887+0.5901103090914479j)
5.268817204301075,(0.7918748197226863+0.6106834449116524j)
5.278592375366569,(0.775872738977025+0.6308894458716909j)
5.288367546432062,(0.7593241196851892+0.6507125949790064j)
5.298142717497556,(0.7422371561161917+0.6701373024094004j)
5.30791788856305,(0.7246205008120041+0.6891481189141855j)
5.317693059628543,(0.7064832637282529+0.7077297493195237j)
5.327468230694037,(0.6878350109874498+0.7258670661077652j)
5.3372434017595305,(0.6686857632388817+0.7435451230703045j)
5.347018572825024,(0.6490459936195246+0.7607491690211985j)
5.356793743890518,(0.6289266253106139+0.7774646615605127j)
5.366568914956011,(0.6083390286847802+0.7936772808760864j)
5.376344086021505,(0.5872950180389339+0.809372943572151j)
5.386119257086999,(0.5658068479083992+0.8245378165129612j)
5.395894428152492,(0.5438872089580775+0.8391583306693633j)
5.405669599217986,(0.5215492234467769+0.8532211949559528j)
5.41544477028348,(0.49880644026113335+0.86671341004626j)
5.425219941348973,(0.4756728295159241+0.8796222821531493j)
5.434995112414467,(0.4521627767179127+0.8919354367613986j)
5.4447702834799605,(0.4282910764907174+0.9036408322992174j)
5.454545454545454,(0.404072925858599+0.9147267737352347j)
5.464320625610948,(0.37952391708741473+0.9251819260873102j)
5.474095796676441,(0.35466003008139496+0.9349953278293235j)
5.483870967741935,(0.32949762433481833+0.9441564041819083j)
5.493646138807429,(0.30405343043804345+0.9526549802729516j)
5.503421309872922,(0.2783445411378098+0.9604812941534999j)
5.513196480938417,(0.2523884019521408+0.9676260096545797j)
5.5229716520039105,(0.22620280134063064+0.9740802290703016j)
5.532746823069404,(0.19980586043132934+0.979835505652503j)
5.542521994134898,(0.17321602230594763+0.9848838559020578j)
5.552297165200391,(0.1464520408455247+0.9892177716419074j)
5.562072336265885,(0.11953296913919588+0.9928302318567702j)
5.571847507331379,(0.09247814745920573+0.9957147142844246j)
5.581622678396872,(0.06530719080576368+0.9978652067434056j)
5.591397849462366,(0.03803997602588018+0.9992762181819151j)
5.60117302052786,(0.010696628510790335+0.9999427894327265j)
5.610948191593353,(-0.01670249152287412+0.9998605036588496j)
5.620723362658847,(-0.04413680316252314+0.9990254964747359j)
5.6304985337243405,(-0.07158551933347528+0.9974344657278275j)
5.640273704789834,(-0.09902766173052384+0.9950846809252893j)
5.650048875855328,(-0.12644207613998548+0.9919739922908313j)
5.659824046920821,(-0.15380744814441571+0.9881008394365945j)
5.669599217986315,(-0.18110231920170586+0.9834642596351753j)
5.679374389051809,(-0.20830510308965802+0.978063895676968j)
5.689149560117302,(-0.23539410270665245+0.9719000032981427j)
5.698924731182796,(-0.2623475272184319+0.9649734581647177j)
5.70869990224829,(-0.28914350954049767+0.9572857623983573j)
5.718475073313783,(-0.31576012414505955+0.9488390506297137j)
5.728250244379277,(-0.34217540518092+0.9396360955653381j)
5.7380254154447705,(-0.3683673648941619+0.9296803130544022j)
5.747800586510264,(-0.3943140123368927+0.9189757666417439j)
5.757575757575758,(-0.4199933723508358+0.9075271715939817j)
5.767350928641251,(-0.44538350481194844+0.8953398983857611j)
5.777126099706745,(-0.4704625241217443+0.8824199756334833j)
5.786901270772239,(-0.49520861893044826+0.8687740924642021j)
5.796676441837732,(-0.5196000720765872+0.8544096003077244j)
5.806451612903226,(-0.5436152807270908+0.8393345141003117j)
5.81622678396872,(-0.5672327767014551+0.8235575128887825j)
5.826001955034213,(-0.5904312469630258+0.8070879398242092j)
5.835777126099707,(-0.6131895542599362+0.7899358015348468j)
5.8455522971652005,(-0.635486757897732+0.7721117668683916j)
5.855327468230694,(-0.657302134625272+0.7536271649941109j)
5.865102639296188,(-0.6786151996149647+0.7344939828559125j)
5.874877810361681,(-0.6994057275179644+0.7147248619679233j)
5.884652981427175,(-0.7196537735745098+0.6943330945446632j)
5.894428152492669,(-0.7393396947590991+0.6733326189585072j)
5.904203323558162,(-0.7584441709398371+0.6517380145176306j)
5.913978494623656,(-0.7769482260308029+0.6295644955583092j)
5.92375366568915,(-0.7948332491159569+0.6068279048459878j)
5.933528836754643,(-0.8120810155226721+0.5835447062802177j)
5.943304007820137,(-0.8286737078226395+0.559731976899193j)
5.9530791788856305,(-0.8445939367375359+0.5354073981802933j)
5.962854349951124,(-0.8598247619265206+0.5105892466337322j)
5.972629521016618,(-0.8743497126323053+0.4852963836871289j)
5.9824046920821115,(-0.8881528081622779+0.45954824485951407j)
5.992179863147605,(-0.9012185781808465+0.4333648282240881j)
6.001955034213099,(-0.9135320827889747+0.4067666821597339j)
6.011730205278592,(-0.9250789323666114+0.3797748923921252j)
6.021505376344086,(-0.9358453071535408+0.3524110683260317j)
6.03128054740958,(-0.9458179765439879+0.32469732867123546j)
6.041055718475073,(-0.954984318070168+0.2966562863653088j)
6.050830889540567,(-0.9633323360498428+0.2683110327972979j)
6.0606060606060606,(-0.970850679872829+0.23968512133727815j)
6.070381231671554,(-0.9775286619013576+0.21080255017750943j)
6.080156402737048,(-0.9833562749591052+0.18168774449189648j)
6.0899315738025415,(-0.9883242093837272+0.1523655379212453j)
6.099706744868035,(-0.9924238696177146+0.12286115339276886j)
6.109481915933529,(-0.9956473903124468+0.09320018328315793j)
6.119257086999022,(-0.9979876519203814+0.06340856893546465j)
6.129032258064516,(-0.9994382957504246+0.033512579540922516j)
6.13880742913001,(-0.9999937384616567+0.0035387903978215717j)
6.148582600195503,(-0.9996491859707589-0.026485939439616128j)
6.158357771260997,(-0.9984006467486818-0.05653449010837545j)
6.168132942326491,(-0.9962449444823286-0.08657950446498372j)
6.177908113391984,(-0.9931797300772945-0.11659341217921515j)
6.187683284457478,(-0.989203492978-0.14654845437644134j)
6.1974584555229715,(-0.9843155717818927-0.17641670881094482j)
6.207233626588465,(-0.9785161641247593-0.2061701155516171j)
6.217008797653959,(-0.9718063358145975-0.23578050316047294j)
6.226783968719452,(-0.9641880291919347-0.2652196153435356j)
6.236559139784946,(-0.9556640706949546-0.2944591380527166j)
6.24633431085044,(-0.9462381776083107-0.32347072701637636j)
6.256109481915933,(-0.9359149639750473-0.3522260356753684j)
6.265884652981427,(-0.9246999456516374-0.3806967435004652j)
6.275659824046921,(-0.9125995444867638-0.4088545846661759j)
6.285434995112414,(-0.8996210916051354-0.43667137705508546j)
6.295210166177908,(-0.8857728297783031-0.46411905156601513j)
6.3049853372434015,(-0.8710639148652064-0.4911696816983927j)
6.314760508308895,(-0.8555044163059011-0.517795513384482j)
6.324535679374389,(-0.839105316652769-0.5439689950402103j)
6.334310850439882,(-0.8218785101243044-0.5696628078046291j)
6.344086021505376,(-0.8038368001674794-0.5948498959372086j)
6.35386119257087,(-0.7849938960155849-0.619503497341438j)
6.363636363636363,(-0.7653644082293739-0.6435971741825008j)
6.373411534701857,(-0.7449638432103529-0.6671048435660325j)
6.383186705767351,(-0.7238085966760207-0.6900008082443742j)
6.392961876832844,(-0.7019159460879641-0.7122597873160033j)
6.402737047898338,(-0.6793040420247363-0.7338569468832841j)
6.4125122189638315,(-0.6559918984926014-0.754767930633034j)
6.422287390029325,(-0.6319993821683441-0.7749688903038827j)
6.432062561094819,(-0.6073472005695238-0.7944365160038671j)
6.441837732160312,(-0.582056889148753-0.8131480663412268j)
6.451612903225806,(-0.556150797309817-0.8310813983309066j)
6.4613880742913,(-0.5296520733446825-0.848214997038887j)
6.471163245356793,(-0.5025846482917842-0.8645280049260542j)
6.480938416422287,(-0.4749732187172168-0.8800002508530363j)
6.490713587487781,(-0.4468432284218561-0.8946122787071128j)
6.500488758553274,(-0.4182208490787568-0.9083453756120762j)
6.510263929618769,(-0.3891329598065637-0.9211815996817257j)
6.520039100684262,(-0.3596071256860928-0.9331038072775112j)
6.529814271749756,(-0.3296715752286005-0.9440956797307639j)
6.53958944281525,(-0.29935517680577683-0.954141749489866j)
6.549364613880743,(-0.268687414052904-0.9632274256527185j)
6.559139784946237,(-0.23769836025807828-0.9713390188449246j)
6.568914956011731,(-0.20641865175190507-0.9784637654041798j)
6.578690127077224,(-0.1748794603135848-0.9845898508315172j)
6.588465298142718,(-0.1431124646107235-0.9897064324702777j)
6.5982404692082115,(-0.11114982069183071-0.9938036613739023j)
6.608015640273705,(-0.07902413155188324-0.9968727033239854j)
6.617790811339199,(-0.046768415792911404-0.9989057589603842j)
6.627565982404692,(-0.014416075403045485-0.9998960829856139j)
6.637341153470186,(0.017999137320994382-0.9998380024062398j)
6.64711632453568,(0.05044315368145401-0.9987269337745274j)
6.656891495601173,(0.08288162328917555-0.9965593993942113j)
6.666666666666667,(0.1152799495457522-0.9933330424549104j)
6.676441837732161,(0.14760332586723432-0.989046641060436j)
6.686217008797654,(0.17981677261685425-0.9837001211170295j)
6.695992179863148,(0.21188517471281723-0.9772945680484052j)
6.7057673509286415,(0.24377331987574824-0.9698322373053786j)
6.715542521994135,(0.2754459374788884-0.961316563638834j)
6.725317693059629,(0.30686773796280065-0.9517521691057993j)
6.735092864125122,(0.3380034527748778-0.9411448697794941j)
6.744868035190616,(0.36881787479261574-0.9295016811353589j)
6.75464320625611,(0.3992758991882604-0.9168308220862812j)
6.764418377321603,(0.4293425646911177-0.9031417176415081j)
6.774193548387097,(0.45898309520257236-0.8884450001650448j)
6.783968719452591,(0.48816294171755115-0.8727525092107538j)
6.793743890518084,(0.5168478245050424-0.8560772899127771j)
6.803519061583578,(0.5450037754990605-0.838433589911431j)
6.8132942326490715,(0.5725971808503317-0.8198368547962774j)
6.823069403714565,(0.5995948235879279-0.8003037220496738j)
6.832844574780059,(0.6259639263390313-0.7798520134757772j)
6.842619745845552,(0.6516721940540144-0.7585007261017137j)
6.852394916911046,(0.6766878566831261-0.7362700215393785j)
6.86217008797654,(0.7009797117502095-0.7131812137981435j)
6.871945259042033,(0.724517166768016-0.689256755540667j)
6.881720430107527,(0.7472702814390014-0.6645202227758578j)
6.891495601173021,(0.7692098095847394-0.638996297985058j)
6.901270772238514,(0.7903072407465024-0.6127107516794935j)
6.911045943304008,(0.8105348413989878-0.585690422389096j)
6.9208211143695015,(0.8298656957186888-0.5579631950848877j)
6.930596285434995,(0.8482737458479848-0.5295579780392592j)
6.940371456500489,(0.8657338315957098-0.5005046781305955j)
6.9501466275659824,(0.882221729514653-0.4708341746009675j)
6.959921798631476,(0.897714191296305-0.4405782912777491j)
6.96969696969697,(0.912188981423022-0.4097697672723423j)
6.979472140762463,(0.9256249140177738-0.3784422261714314j)
6.989247311827957,(0.9380018888316942-0.3466301437385012j)
6.999022482893451,(0.9493009263098001-0.31436881414567086j)
7.008797653958944,(0.9595042016754721-0.2816943147582408j)
7.018572825024438,(0.9685950779746204-0.24864346949666494j)
7.0283479960899315,(0.9765581380208497-0.21525381080308661j)
7.038123167155425,(0.9833792151834623-0.18156354024186103j)
7.047898338220919,(0.9890454229607104-0.14761148776592378j)
7.0576735092864125,(0.9935451832814091-0.11343706968319998j)
7.067448680351906,(0.9968682534787943-0.0790802453596247j)
7.0772238514174,(0.9990057518813913-0.04458147269770347j)
7.086999022482893,(0.9999501819666295-0.009981662431901064j)
7.096774193548387,(0.9996954550240077+0.02467786871555699j)
7.106549364613881,(0.9982369112757783+0.05935544597249722j)
7.116324535679374,(0.995571339404387+0.09400908550004536j)
7.126099706744868,(0.991696994437257+0.12859654437079945j)
7.135874877810362,(0.9866136139409712+0.16307537148918633j)
7.145650048875855,(0.9803224324784579+0.1974029593990915j)
7.155425219941349,(0.9728261942844337+0.23153659692166428j)
7.1652003910068425,(0.9641291641161152+0.2654335225640519j)
7.174975562072336,(0.9542371362380463+0.2990509786377771j)
7.18475073313783,(0.9431574415018268+0.33234626602344747j)
7.194525904203323,(0.9308989524835739+0.3652767995164556j)
7.204301075268817,(0.9174720866440553+0.3978001636864961j)
7.214076246334311,(0.9028888074786686+0.42987416918180577j)
7.223851417399804,(0.8871626236267378+0.461456909407285j)
7.233626588465298,(0.8703085859120006+0.49250681750393466j)
7.243401759530792,(0.8523432822886459+0.5229827235553942j)
7.253176930596285,(0.8332848306698125+0.5528439119458419j)
7.262952101661779,(0.8131528696181467+0.5820501787919778j)
7.2727272727272725,(0.7919685468806941+0.6105618893705058j)
7.282502443792766,(0.7697545057532738+0.6383400354611429j)
7.29227761485826,(0.7465348692623015+0.6653462925240649j)
7.302052785923753,(0.7223352221550344+0.6915430766295307j)
7.311827956989247,(0.6971825906922119+0.7168936010564579j)
7.321603128054741,(0.6711054202401437+0.741361932475832j)
7.331378299120234,(0.644133550662487+0.7649130466340193j)
7.341153470185728,(0.6162981895151269+0.7875128834504085j)
7.350928641251222,(0.5876318830508519+0.8091284014432505j)
7.360703812316715,(0.5581684850438331+0.8297276313971182j)
7.370478983382209,(0.527943123447294+0.8492797291850991j)
7.3802541544477025,(0.4969921649011142+0.8677550276586726j)
7.390029325513196,(0.46535317710961355+0.8851250875181365j)
7.39980449657869,(0.43306488911317387+0.9013627470765554j)
7.409579667644183,(0.40016714948091914+0.9164421708303889j)
7.419354838709677,(0.36670088245515703+0.9303388967503236j)
7.429130009775171,(0.3327080420818353+0.9430298822063231j)
7.438905180840664,(0.29823156436483306+0.9544935484415306j)
7.448680351906158,(0.26331531748548326+0.964709823510427j)
7.458455522971652,(0.22800405013223524+0.9736601835975923j)
7.468230694037145,(0.19234333798899766+0.9813276926344483j)
7.478005865102639,(0.15637952843418024+0.9876970401326023j)
7.4877810361681325,(0.12015968350605939+0.9927545771537514j)
7.497556207233626,(0.08373152119355425+0.9964883503376311j)
7.507331378299121,(0.0471433551149933+0.998888133911151j)
7.517106549364614,(0.010444032650939242+0.9999454596036657j)
7.526881720430108,(-0.026317128399511495+0.9996536443952994j)
7.536656891495602,(-0.06309040456610049+0.9980078160273524j)
7.546432062561095,(-0.09982573278235073+0.9950049362060807j)
7.556207233626589,(-0.13647277770868088+0.9906438214335549j)
7.5659824046920825,(-0.1729810002211529+0.9849251614018648j)
7.575757575757576,(-0.2092997269801415+0.9778515348896468j)
7.58553274682307,(-0.24537822099023068+0.9694274231027661j)
7.595307917888563,(-0.28116575305968455+0.959659220403983j)
7.605083088954057,(-0.31661167406496116+0.9485552423795794j)
7.614858260019551,(-0.35166548792300567+0.9361257311941993j)
7.624633431085044,(-0.3862769251713994+0.9223828581885773j)
7.634408602150538,(-0.420396017053901+0.9073407236783855j)
7.644183773216032,(-0.45397317000650117+0.8910153539161086j)
7.653958944281525,(-0.4869592404368033+0.8734246951816805j)
7.663734115347019,(-0.5193056096874038+0.8545886049715348j)
7.6735092864125125,(-0.5509642590718952+0.8345288402597945j)
7.683284457478006,(-0.5818878448702262+0.8132690428095021j)
7.6930596285435,(-0.61202977316846+0.7908347215160468j)
7.702834799608993,(-0.6413442744263474+0.7672532317693695j)
7.712609970674487,(-0.6697864776547405+0.7425537518259913j)
7.722385141739981,(-0.6973124840836104+0.7167672561865146j)
7.732160312805474,(-0.7238794402003808+0.6899264859788927j)
7.741935483870968,(-0.7494456100373367+0.662065916352567j)
7.751710654936462,(-0.7739704465862143+0.6332217208933503j)
7.761485826001955,(-0.7974146622175033+0.6034317330738789j)
7.771260997067449,(-0.8197402979816598+0.5727354047594225j)
7.7810361681329425,(-0.8409107916693168+0.5411737617938279j)
7.790811339198436,(-0.8608910445075967+0.5087893566954985j)
7.80058651026393,(-0.8796474863699341+0.4756262184983673j)
7.810361681329423,(-0.8971481393772531+0.4417297997780237j)
7.820136852394917,(-0.9133626797690511+0.40714692090828564j)
7.829912023460411,(-0.9282624979238364+0.3719257115987004j)
7.839687194525904,(-0.9418207564094714+0.3361155497686639j)
7.849462365591398,(-0.9540124459453089+0.2997669978190545j)
7.859237536656892,(-0.9648144391595821+0.2629317363674098j)
7.869012707722385,(-0.9742055420272614+0.2256624955179081j)
7.878787878787879,(-0.9821665428756211+0.18801298374248188j)
7.8885630498533725,(-0.9886802588469643+0.15003781445455583j)
7.898338220918866,(-0.993731579710426+0.11179243036190385j)
7.90811339198436,(-0.9973075089174512+0.07333302569012137j)
7.9178885630498534,(-0.9993972017984452+0.03471646637314621j)
7.927663734115347,(-0.9999920008012332-0.00399979168787829j)
7.937438905180841,(-0.999085467675319-0.04275778619139594j)
7.947214076246334,(-0.9966734125095112-0.0814991337171486j)
7.956989247311828,(-0.9927539195342849-0.12016511660758529j)
7.966764418377322,(-0.9873273696042644-0.1586967713292379j)
7.976539589442815,(-0.9803964592804472-0.19703497819007268j)
7.986314760508309,(-0.9719662164362295-0.23512055228465412j)
7.9960899315738025,(-0.9620440123159545-0.27289433553487263j)
8.005865102639296,(-0.9506395699795546-0.310297289690206j)
8.01564027370479,(-0.9377649690719204-0.347270590147712j)
8.025415444770283,(-0.9234346468608803-0.3837557204484662j)
8.035190615835777,(-0.9076653954931116-0.4196945673038111j)
8.04496578690127,(-0.8904763554229294-0.455029516001651j)
8.054740957966764,(-0.8718890049747048-0.4897035460400704j)
8.064516129032258,(-0.8519271460056029-0.523660326832908j)
8.074291300097752,(-0.830616885641511-0.5568443133293156j)
8.084066471163245,(-0.807986614065268-0.5892008413871654j)
8.093841642228739,(-0.7840669783427299-0.6206762227381528j)
8.103616813294233,(-0.7588908522788362-0.6512178393805729j)
8.113391984359726,(-0.7324933023024246-0.6807742372344071j)
8.12316715542522,(-0.7049115493854808-0.709295218891937j)
8.132942326490713,(-0.6761849270093006-0.7367319352962968j)
8.142717497556207,(-0.6463548351971523-0.7630369761795702j)
8.1524926686217,(-0.6154646906400771-0.7881644590917013j)
8.162267839687194,(-0.5835598729496375-0.8120701168513732j)
8.172043010752688,(-0.5506876670787155-0.8347113832501637j)
8.181818181818182,(-0.5168972019586519-0.8560474768418611j)
8.191593352883675,(-0.48223938540845884-0.876039482649539j)
8.201368523949169,(-0.4467668353790714-0.8946504316242013j)
8.211143695014663,(-0.41053380760308883-0.9118453776901597j)
8.220918866080156,(-0.373596119727711-0.9275914722141412j)
8.23069403714565,(-0.3360110720160076-0.9418580357371558j)
8.240469208211143,(-0.29783736470888894-0.9546166268106083j)
8.250244379276637,(-0.2591350121475373-0.9658411077808273j)
8.26001955034213,(-0.21996525376318438-0.9755077073692949j)
8.269794721407624,(-0.18039046204829-0.9835950798992461j)
8.279569892473118,(-0.14047404763025892-0.990084361023025j)
8.289345063538612,(-0.10028036157581982-0.9949592198086427j)
8.299120234604105,(-0.05987459506093339-0.9982059070483851j)
8.308895405669599,(-0.01932267654793127-0.9998132996570029j)
8.318670576735093,(0.02130883338194309-0.9997729410320628j)
8.328445747800586,(0.0619528493859162-0.9980790772543857j)
8.33822091886608,(0.10254187074621651-0.9947286890121679j)
8.347996089931573,(0.14300809261879802-0.989721519138355j)
8.357771260997067,(0.18328351897161604-0.9830600956571176j)
8.36754643206256,(0.22330007703405896-0.9747497502418676j)
8.377321603128054,(0.26298973307389917-0.9647986319941169j)
8.387096774193548,(0.30228460931290835-0.9532177164596461j)
8.396871945259042,(0.3411171017875252-0.9400208098058677j)
8.406647116324535,(0.3794199989562694-0.9252245480919886j)
8.416422287390029,(0.4171266008514128-0.908848391571524j)
8.426197458455523,(0.4541708385684488-0.8909146139748927j)
8.435972629521016,(0.49048739388313856-0.8714482867283215j)
8.44574780058651,(0.5260118187827575-0.8504772580738743j)
8.455522971652004,(0.5606806546950615-0.8280321270643533j)
8.465298142717497,(0.5944315511959717-0.804146212415846j)
8.47507331378299,(0.6272033839746569-0.7788555162099958j)
8.484848484848484,(0.6589363718329416-0.7521986824474232j)
8.494623655913978,(0.6895721924943988-0.7242169504633731j)
8.504398826979472,(0.719054096997493-0.6949541032263353j)
8.514173998044965,(0.7473270224464684-0.6644564105502299j)
8.523949169110459,(0.7743377028934415-0.6327725672607089j)
8.533724340175953,(0.8000347781254072-0.5999536263660971j)
8.543499511241446,(0.8243689001304301-0.5660529272936807j)
8.55327468230694,(0.8472928370184578-0.531126019262108j)
8.563049853372434,(0.8687615741736718-0.49523057987091607j)
8.572825024437927,(0.8887324124173348-0.4584263289983074j)
8.58260019550342,(0.9071650629624683-0.4207749381086056j)
8.592375366568914,(0.9240217389447105-0.3823399350808039j)
8.602150537634408,(0.9392672433169776-0.3431866046799109j)
8.611925708699902,(0.952869052899499-0.30338188480265554j)
8.621700879765395,(0.9647973983810407-0.26299425863918663j)
8.631476050830889,(0.9750253400719623-0.2220936429021647j)
8.641251221896383,(0.9835288392149942-0.18075127228433535j)
8.651026392961876,(0.9902868246653344-0.13903958031528083j)
8.66080156402737,(0.9952812547578734-0.09703207679727921j)
8.670576735092864,(0.9984971741859748-0.0548032220095041j)
8.680351906158357,(0.9999227657233538-0.012428297878585681j)
8.69012707722385,(0.9995493966281317+0.03001672367760954j)
8.699902248289344,(0.9973716595761416+0.07245531501783069j)
8.709677419354838,(0.9933874079789763+0.11481052943354503j)
8.719452590420332,(0.987597785551109+0.15700513996218662j)
8.729227761485825,(0.980007249999685+0.1989617801188328j)
8.739002932551319,(0.9706235907202373+0.2406030863005571j)
8.748778103616813,(0.9594579403916216+0.28185184161092064j)
8.758553274682306,(0.9465247803739013+0.32263112084567697j)
8.7683284457478,(0.931841939823705+0.3628644363747906j)
8.778103616813294,(0.9154305884526872+0.40247588465045564j)
8.787878787878787,(0.8973152228662167+0.44139029306561767j)
8.79765395894428,(0.8775236464311624+0.47953336688301085j)
8.807429130009774,(0.8560869426337493+0.5168318359505338j)
8.817204301075268,(0.8330394419007481+0.5532136009153157j)
8.826979472140762,(0.808418681869901+0.5886078786456498j)
8.836754643206255,(0.7822653611082979+0.6229453465675013j)
8.846529814271749,(0.7546232862904152+0.6561582856203632j)
8.856304985337243,(0.7255393128608176+0.6881807215357406j)
8.866080156402736,(0.6950632792198305+0.7189485641408403j)
8.87585532746823,(0.6632479344840654+0.7483997443897351j)
8.885630498533724,(0.6301488598872362+0.776474348824748j)
8.895405669599217,(0.5958243839005224+0.8031147511716883j)
8.90518084066471,(0.5603354911653524+0.8282657407743503j)
8.914956011730204,(0.5237457253454392+0.851874647575792j)
8.924731182795698,(0.48612108601854004+0.8738914633569521j)
8.934506353861192,(0.44752991974227146+0.8942689589466225j)
8.944281524926685,(0.4080428054420164+0.9129627971210047j)
8.954056695992179,(0.36773243428249+0.929931640915973j)
8.963831867057673,(0.3266734841981276+0.9451372570806083j)
8.973607038123166,(0.28494248927074106+0.9585446144067544j)
8.98338220918866,(0.24261770415607148+0.9701219766761482j)
8.993157380254154,(0.1997789637738159+0.9798409899741184j)
9.002932551319647,(0.15650753848840385+0.987676764126959j)
9.012707722385143,(0.11288598502024935+0.9936079480288028j)
9.022482893450636,(0.06899799333929846+0.9976167986331977j)
9.03225806451613,(0.024928229804447286+0.9996892433945744j)
9.042033235581624,(-0.019237823176035142+0.9998149359553735j)
9.051808406647117,(-0.0634140306771858+0.9979873048858252j)
9.06158357771261,(-0.10751377168638554+0.9942035952951326j)
9.071358748778104,(-0.1514501081221476+0.9884649031451698j)
9.081133919843598,(-0.1951359561262005+0.9807762021107127j)
9.090909090909092,(-0.23848425930351388+0.9711463628436521j)
9.100684261974585,(-0.2814081635762215+0.9595881645125989j)
9.110459433040079,(-0.3238211933095039+0.9461182985037383j)
9.120234604105573,(-0.3656374283601353+0.930757364183699j)
9.130009775171066,(-0.406771681691609+0.9135298566405918j)
9.13978494623656,(-0.4471396771938133+0.8944641463351186j)
9.149560117302054,(-0.4866582273397138+0.8735924506098753j)
9.159335288367547,(-0.5252454103069663+0.850950797021465j)
9.16911045943304,(-0.5628207461883141+0.8265789784769688j)
9.178885630498534,(-0.5993053719115583+0.8005205001734489j)
9.188660801564028,(-0.6346222144873929+0.7728225183566518j)
9.198435972629522,(-0.6686961622018626+0.7435357709327106j)
9.208211143695015,(-0.7014542333692917+0.7127144999846006j)
9.217986314760509,(-0.732825742261635+0.6804163662631019j)
9.227761485826003,(-0.762742461831054+0.6467023557401838j)
9.237536656891496,(-0.7911387828441484+0.611636678331082j)
9.24731182795699,(-0.8179518690489719+0.5752866589095331j)
9.257086999022484,(-0.8431218079993013+0.5377226207590577j)
9.266862170087977,(-0.8665917571650237+0.49901776162140427j)
9.27663734115347,(-0.8883080849626633+0.45924802252156255j)
9.286412512218964,(-0.9082205063462376+0.4184919495667555j)
9.296187683284458,(-0.9262822126055587+0.3768305489348637j)
9.305962854349952,(-0.9424499950270211+0.33434713528542137j)
9.315738025415445,(-0.9566843620806711+0.2911271738438365j)
9.325513196480939,(-0.9689496498070025+0.24725811642671547j)
9.335288367546433,(-0.9792141250874784+0.20282923169297917j)
9.345063538611926,(-0.9874500814941337+0.15793142992206657j)
9.35483870967742,(-0.9936339274259065+0.11265708263650516j)
9.364613880742914,(-0.9977462662524282+0.06709983740172991j)
9.374389051808407,(-0.9997719681999155+0.021354428151256443j)
9.3841642228739,(-0.9997002337285648-0.024483518600336044j)
9.393939393939394,(-0.9975246481663532-0.07031768127998284j)
9.403714565004888,(-0.9932432273804551-0.1160512441245569j)
9.413489736070382,(-0.9868584542845134-0.16158710099256418j)
9.423264907135875,(-0.9783773059977549-0.2068280617048268j)
9.433040078201369,(-0.9678112714903838-0.25167706048856836j)
9.442815249266863,(-0.9551763595687786-0.29603736608903874j)
9.452590420332356,(-0.9404930970737377-0.33981279310327456j)
9.46236559139785,(-0.9237865171853344-0.38290791408194985j)
9.472140762463344,(-0.9050861377487874-0.42522827193753593j)
9.481915933528837,(-0.8844259295571393-0.466680592190194j)
9.49169110459433,(-0.861844274548362-0.5071729945770059j)
9.501466275659824,(-0.8373839138967982-0.546615203545309j)
9.511241446725318,(-0.8110918860014557-0.5849187571471799j)
9.521016617790812,(-0.7830194543967203-0.6219972138492764j)
9.530791788856305,(-0.7532220256342799-0.6577663567706943j)
9.540566959921799,(-0.72175905720855-0.6921443948609458j)
9.550342130987293,(-0.6886939556216676-0.7250521605306619j)
9.560117302052786,(-0.6540939647078364-0.756413303249476j)
9.56989247311828,(-0.618030044360797-0.7861544786283363j)
9.579667644183774,(-0.580576739832118-0.8142055325075538j)
9.589442815249267,(-0.5418120417918344-0.8404996795771926j)
9.59921798631476,(-0.5018172373668487-0.864973676062748j)
9.608993157380255,(-0.4606767523961115-0.8875679860167174j)
9.618768328445748,(-0.41847798516506235-0.908226940765462j)
9.628543499511242,(-0.3753111319049903-0.9268988910707547j)
9.638318670576735,(-0.3312690043658187-0.9435363515765989j)
9.648093841642229,(-0.2864468397932803-0.9580961371242673j)
9.657869012707723,(-0.24094210366348293-0.9705394905320522j)
9.667644183773216,(-0.1948542855492948-0.9808322014509281j)
9.67741935483871,(-0.14828468851402687-0.9889447159231389j)
9.687194525904204,(-0.10133621244809494-0.9948522362877186j)
9.696969696969697,(-0.05411313178394795-0.9985348110950029j)
9.70674486803519,(-0.006720868043533485-0.9999774147113231j)
9.716520039100685,(0.04073424230957292-0.999170016315274j)
9.726295210166178,(0.08814518422384271-0.9961076380081345j)
9.736070381231672,(0.13540450411367697-0.9907904017832072j)
9.745845552297165,(0.18240455309246303-0.9832235651219609j)
9.755620723362659,(0.22903773284959034-0.9734175450088824j)
9.765395894428153,(0.27519674362301044-0.9613879301818237j)
9.775171065493646,(0.3207748337068858-0.9471554814603143j)
9.78494623655914,(0.36566604992301005-0.930746120020762j)
9.794721407624634,(0.4097654884750473-0.912190903514613j)
9.804496578690127,(0.45296954559627506-0.8915259899533519j)
9.814271749755621,(0.4951761673944682-0.8687925893126194j)
9.824046920821115,(0.536285098291841-0.8440369028366653j)
9.833822091886608,(0.5761981274537221-0.817310050053726j)
9.843597262952102,(0.6148193325966412-0.7886679835427711j)
9.853372434017595,(0.6520553205651651-0.7581713915221674j)
9.863147605083089,(0.68781546406686-0.7258855883612031j)
9.872922776148583,(0.7220121339562153-0.691880393146093j)
9.882697947214076,(0.7545609264615756-0.6562299964627103j)
9.89247311827957,(0.7853808847536441-0.6190128155891307j)
9.902248289345064,(0.8143947142603115-0.5803113383218231j)
9.912023460410557,(0.841528991140362-0.5402119556898798j)
9.921798631476051,(0.8667143633378445-0.4988047838422111j)
9.931573802541545,(0.8898857436498315-0.4561834754227582j)
9.941348973607038,(0.9109824942527284-0.4124450207786217j)
9.951124144672532,(0.9299486021463232-0.36768953937540755j)
9.960899315738025,(0.9467328449903513-0.32202006182297943j)
9.970674486803519,(0.9612889468254646-0.2755423029431036j)
9.980449657869013,(0.9735757231891429-0.22836442633811724j)
9.990224828934506,(0.9835572151572441-0.1805968009465465j)
10.0,(0.9912028118634736-0.13235175009777303j)
