1.0,0.3817626197175849
1.0478983382209188,0.2851028396272805
1.0957966764418376,0.1435727930918893
1.1436950146627565,0.04336181959320097
1.1915933528836755,0.007557349606157893
1.2394916911045943,-0.08299934797254241
1.2873900293255132,-0.11446070046056586
1.335288367546432,-0.1843671360981568
1.383186705767351,-0.24382976643804477
1.4310850439882699,-0.36251220606687173
1.4789833822091887,-0.34191526433989944
1.5268817204301075,-0.414914931161616
1.5747800586510263,-0.34439599825207445
1.6226783968719452,-0.3974216922875411
1.670576735092864,-0.34409773416562933
1.718475073313783,-0.3304285940980328
1.7663734115347018,-0.3269110829343545
1.8142717497556207,-0.30420880037131515
1.8621700879765397,-0.25761609483241255
1.9100684261974585,-0.2592817000809419
1.9579667644183774,-0.1784145952408174
2.005865102639296,-0.10227697885780392
2.053763440860215,-0.09695539106070444
2.101661779081134,-0.038467713889543884
2.1495601173020527,0.019644171261535476
2.1974584555229715,0.17707790594266787
2.2453567937438903,0.1837947749423866
2.293255131964809,0.3030868873197962
2.341153470185728,0.3192155812923337
2.3890518084066468,0.403879045334665
2.436950146627566,0.46151366476820976
2.484848484848485,0.5121582780530805
2.5327468230694037,0.611835076856019
2.5806451612903225,0.653295888636841
2.6285434995112413,0.6854122532614619
2.6764418377321606,0.7453246676449898
2.7243401759530794,0.795557274572199
2.7722385141739982,0.7927497040200013
2.820136852394917,0.7340681300034269
2.868035190615836,0.7436858475111553
2.9159335288367547,0.8221982687739487
2.9638318670576735,0.714085148895865
3.0117302052785924,0.7136283789464589
3.059628543499511,0.6741097651479141
3.10752688172043,0.6986998953489592
3.155425219941349,0.5534135197246247
3.2033235581622677,0.5182853457344506
3.2512218963831865,0.47120911595805803
3.2991202346041053,0.3966549349309682
3.3470185728250246,0.29692693917801305
3.3949169110459434,0.21443548453644623
3.442815249266862,0.061185202680862284
3.490713587487781,-0.014252055199432505
3.5386119257087,-0.14328222535121904
3.5865102639296187,-0.28506369596928816
3.6344086021505375,-0.3202574741595825
3.6823069403714563,-0.4938935292230725
3.730205278592375,-0.5968828855368215
3.778103616813294,-0.7687982087813454
3.8260019550342133,-0.844032838983136
3.873900293255132,-0.9486996466060372
3.921798631476051,-1.1073494409649496
3.9696969696969697,-1.241495035287977
4.0175953079178885,-1.26760533917221
4.065493646138807,-1.3736152092806357
4.113391984359726,-1.443923093302097
4.161290322580645,-1.5991380355283868
4.209188660801564,-1.6113069365914818
4.257086999022483,-1.7061417491066115
4.3049853372434015,-1.7756032805738626
4.352883675464321,-1.8242977759113246
4.400782013685239,-1.8537269323667156
4.448680351906159,-1.8433926380679195
4.496578690127077,-1.9093918799806675
4.5444770283479965,-1.8992732744091851
4.592375366568914,-1.8675777054287432
4.640273704789834,-1.9054950398066357
4.688172043010752,-1.8432017318232012
4.736070381231672,-1.8024610166891126
4.78396871945259,-1.8117462724639422
4.831867057673509,-1.695935411336653
4.879765395894428,-1.6312547923861644
4.927663734115347,-1.587420221084498
4.975562072336266,-1.4909572667896607
5.023460410557185,-1.3989327991721316
5.0713587487781036,-1.337395004110802
5.119257086999022,-1.1951281229232458
5.167155425219941,-1.1046051673281931
5.21505376344086,-1.0548730718007557
5.262952101661779,-0.9207892302707559
5.310850439882698,-0.8042225817148894
5.3587487781036165,-0.7070024526320082
5.406647116324535,-0.5676451704969833
5.454545454545454,-0.5385981466165736
5.502443792766373,-0.41482572274520657
5.550342130987292,-0.3513490051583251
5.598240469208211,-0.22103504053362039
5.64613880742913,-0.11799154584049824
5.694037145650049,-0.08006148361272311
5.741935483870968,0.0025828374692073094
5.789833822091887,0.11979761001950148
5.837732160312806,0.09799624991253385
5.885630498533724,0.13701992555944267
5.933528836754643,0.2153385483500086
5.981427174975562,0.27820317542758927
6.029325513196481,0.20515236558968714
6.0772238514174,0.24677388444710707
6.125122189638319,0.26409926836854486
6.173020527859237,0.22593209843956158
6.220918866080156,0.18989451969472146
6.268817204301075,0.22405199290291244
6.316715542521994,0.199829932385994
6.364613880742913,0.12421685933143135
6.4125122189638315,0.06933543888757732
6.46041055718475,-0.025881620241747318
6.508308895405669,-0.06505388920112481
6.556207233626588,-0.09631144662660286
6.604105571847507,-0.14857421865916448
6.6520039100684265,-0.22624800582425628
6.699902248289345,-0.3391735124545912
6.747800586510264,-0.35773652951036705
6.795698924731183,-0.47770448362633045
6.843597262952102,-0.59230809564508
6.891495601173021,-0.6545011497637789
6.9393939393939394,-0.6650330201420992
6.987292277614858,-0.697550925020136
7.035190615835777,-0.7911996639455894
7.083088954056696,-0.8593977254589104
7.130987292277615,-0.913391365563103
7.178885630498534,-0.9552330594282262
7.226783968719452,-0.9317921988820027
7.274682306940371,-1.0056211838248714
7.32258064516129,-1.0134371700424922
7.370478983382209,-1.0341349476212887
7.418377321603128,-1.0353643580457106
7.4662756598240465,-1.0141939134386233
7.514173998044965,-0.9522930122154152
7.562072336265884,-0.8564049126305366
7.609970674486803,-0.8462971943525605
7.657869012707723,-0.7933857228782288
7.7057673509286415,-0.7442598246081511
7.75366568914956,-0.7025954137892119
7.801564027370479,-0.609818979694816
7.849462365591398,-0.4730919481138859
7.897360703812317,-0.33319558740951427
7.945259042033236,-0.29177992560760624
7.9931573802541545,-0.1974785107287322
8.041055718475073,-0.03653265183488503
8.088954056695993,0.11766226653001571
8.136852394916911,0.18596275946111324
8.184750733137829,0.3296870757825221
8.232649071358749,0.4268366110097424
8.280547409579668,0.6240461283180633
8.328445747800586,0.66832985404634
8.376344086021504,0.8583948309968027
8.424242424242424,1.0041097032982744
8.472140762463344,1.0669411030104614
8.520039100684262,1.175170877025006
8.56793743890518,1.2410815161413593
8.6158357771261,1.3896130901229466
8.663734115347019,1.4799884886708785
8.711632453567937,1.558068726027464
8.759530791788857,1.6321390140856775
8.807429130009776,1.6788173164835352
8.855327468230694,1.8046795905727149
8.903225806451612,1.7756162608889776
8.951124144672532,1.882429844345521
8.999022482893452,1.8542160490601038
9.04692082111437,1.8770782953062533
9.094819159335287,1.8809917136972862
9.142717497556207,1.8988632177203404
9.190615835777127,1.8566123677393975
9.238514173998045,1.8489473528758467
9.286412512218964,1.7693678389465008
9.334310850439882,1.718641412685356
9.382209188660802,1.6946279391466321
9.43010752688172,1.621045988544335
9.47800586510264,1.565123837002888
9.525904203323558,1.4414198901077953
9.573802541544477,1.4104225844740115
9.621700879765395,1.3229537414110777
9.669599217986315,1.1793047773265986
9.717497556207233,1.100378659180436
9.765395894428153,1.0494794303171018
9.81329423264907,0.9232731131056949
9.86119257086999,0.8331005422124187
9.909090909090908,0.7268911736912126
9.956989247311828,0.5958977708219593
10.004887585532746,0.5084644264610779
10.052785923753666,0.4442743980762904
10.100684261974584,0.4065793983065167
10.148582600195503,0.2647284687788924
10.196480938416421,0.19269221297157574
10.244379276637341,0.18595238031907352
10.29227761485826,0.13265612060161724
10.340175953079179,0.10788881236447921
10.388074291300098,0.08918509439544127
10.435972629521016,0.020691352301912075
10.483870967741936,0.006321736726948905
10.531769305962854,0.004316104573402764
10.579667644183774,-0.002301153389280289
10.627565982404692,0.00040894083140064624
10.675464320625611,0.055019091063651895
10.72336265884653,0.10436181456155527
10.771260997067449,0.13413720291125775
10.819159335288367,0.09790646567966162
10.867057673509287,0.17328565155012737
10.914956011730204,0.28608596322981117
10.962854349951124,0.3011610118446137
11.010752688172042,0.4219906464015838
11.058651026392962,0.44420435133681363
11.10654936461388,0.5659586647921451
11.1544477028348,0.5661567080161045
11.202346041055717,0.7052774617406707
11.250244379276637,0.7650670137727925
11.298142717497557,0.8287339220995803
11.346041055718475,0.9607008493866077
11.393939393939394,0.9659250335225072
11.441837732160312,1.0371960893752041
11.489736070381232,1.0811848603069418
11.53763440860215,1.160197920067887
11.58553274682307,1.2373034125528861
11.633431085043988,1.3315427411441403
11.681329423264907,1.3474554198434048
11.729227761485825,1.3282415369152112
11.777126099706745,1.3985615349458966
11.825024437927663,1.425419559332197
11.872922776148583,1.3956914774904376
11.9208211143695,1.3639725647767191
11.96871945259042,1.3877044804227279
12.016617790811338,1.3042189827714457
12.064516129032258,1.2675030009791284
12.112414467253176,1.2576599828906416
12.160312805474096,1.2056974653961077
12.208211143695014,1.164877680211223
12.256109481915933,1.104298436736526
12.304007820136853,1.0033893216595684
12.351906158357771,0.8976649338093889
12.39980449657869,0.8321605167429911
12.447702834799609,0.6919963133057407
12.495601173020528,0.5238579245901791
12.543499511241446,0.41032042735697694
12.591397849462366,0.3606388967060168
12.639296187683284,0.22973194790455947
12.687194525904204,0.11082592574758475
12.735092864125122,-0.08837156183776833
12.782991202346041,-0.20827645830303712
12.83088954056696,-0.3014535038763809
12.878787878787879,-0.450691738344584
12.926686217008797,-0.5626110451627929
12.974584555229717,-0.6473447784993811
13.022482893450634,-0.8145171221615278
13.070381231671554,-0.9606857507975484
13.118279569892472,-1.012599877696184
13.166177908113392,-1.1563098183141145
13.21407624633431,-1.2553224962831562
13.26197458455523,-1.3281193038048495
13.30987292277615,-1.4001035407579627
13.357771260997067,-1.417151594986548
13.405669599217987,-1.5127249180506552
13.453567937438905,-1.5303414473112213
13.501466275659824,-1.5667069658587949
13.549364613880742,-1.5670248513489413
13.597262952101662,-1.5828235357334972
13.64516129032258,-1.514565688534777
13.6930596285435,-1.5601439813025086
13.740957966764418,-1.5022408586022928
13.788856304985337,-1.4645653732419026
13.836754643206255,-1.473992195288859
13.884652981427175,-1.3984118247914679
13.932551319648093,-1.3755314251136437
13.980449657869013,-1.3213540993793627
14.02834799608993,-1.1976767779842454
14.07624633431085,-1.1418810476758319
14.124144672531768,-1.09419837307824
14.172043010752688,-0.9537826427571182
14.219941348973606,-0.94006837663078
14.267839687194526,-0.8456334235937333
14.315738025415445,-0.6751352310804934
14.363636363636363,-0.6458578602258499
14.411534701857283,-0.5752557722951395
14.459433040078201,-0.428891291012545
14.50733137829912,-0.3420755645382719
14.555229716520039,-0.32062170267983975
14.603128054740958,-0.2542466830227045
14.651026392961876,-0.14733098892246915
14.698924731182796,-0.1056352728981189
14.746823069403714,-0.06959628865962277
14.794721407624634,-0.0353861344449524
14.842619745845552,0.03826912834549111
14.890518084066471,0.012649875509920298
14.93841642228739,0.057280311986483964
14.986314760508309,0.07865410549653915
15.034213098729227,0.06868685078586136
15.082111436950147,0.052618836562057555
15.130009775171064,0.06033026030267431
15.177908113391984,0.018596889941051437
15.225806451612902,-0.04266577423123884
15.273704789833822,-0.0916071322005548
15.321603128054742,-0.11253450016802484
15.36950146627566,-0.17300875320357273
15.41739980449658,-0.2414108337509303
15.465298142717497,-0.30814728855682666
15.513196480938417,-0.46396120712060807
15.561094819159335,-0.4945680606166776
15.608993157380255,-0.626243766146451
15.656891495601172,-0.6884981753160566
15.704789833822092,-0.7147624527128693
15.75268817204301,-0.8181014429054076
15.80058651026393,-0.9472094697190113
15.848484848484848,-0.9733684369592062
15.896383186705767,-1.083343085629519
15.944281524926685,-1.1912864692307346
15.992179863147605,-1.2135291084829536
16.040078201368523,-1.3030333144353163
16.08797653958944,-1.366908017294363
16.13587487781036,-1.4201599777363019
16.18377321603128,-1.5182182280277572
16.2316715542522,-1.4799353279828824
16.27956989247312,-1.5369730578977527
16.327468230694038,-1.53289997989497
16.375366568914956,-1.5188498280758587
16.423264907135874,-1.523801804873409
16.47116324535679,-1.5253199024055117
16.519061583577713,-1.55225923947277
16.56695992179863,-1.5165481581482505
16.614858260019552,-1.4928343014372132
16.66275659824047,-1.3571137347574533
16.71065493646139,-1.3675676784370707
16.758553274682306,-1.2473620120513909
16.806451612903224,-1.2056603849075713
16.854349951124142,-1.1224991273490754
16.902248289345064,-0.9667260567835139
16.95014662756598,-0.8545887759496779
16.998044965786903,-0.8032583321474204
17.04594330400782,-0.6667985230894917
17.09384164222874,-0.5193722587269335
17.141739980449657,-0.3587845877290706
17.189638318670575,-0.30770421310113943
17.237536656891496,-0.12037244894541564
17.285434995112414,-0.03021301735151257
17.333333333333332,0.10651517005064781
17.381231671554254,0.2802257944238271
17.42913000977517,0.4088812303371863
17.47702834799609,0.5106300536911932
17.524926686217007,0.6512670531814105
17.57282502443793,0.7132335085011554
17.620723362658847,0.8736882262162025
17.668621700879765,0.9032148335503191
17.716520039100683,0.9738479511333837
17.764418377321604,1.0674693795600758
17.812316715542522,1.186404396732322
17.86021505376344,1.2518574202768744
17.908113391984358,1.323138757699235
17.95601173020528,1.291000063438101
18.003910068426197,1.330528065124099
18.051808406647115,1.3866244926015678
18.099706744868033,1.356458428778998
18.147605083088955,1.3988366949837792
18.195503421309873,1.3634008644747129
18.24340175953079,1.3237202302384703
18.29130009775171,1.3780520626232593
18.33919843597263,1.3307228480905096
18.387096774193548,1.2608000491908569
18.434995112414466,1.1916412955471014
18.482893450635387,1.1611242776932131
18.530791788856305,1.066284055374762
18.578690127077223,1.0650893810611932
18.62658846529814,0.9940073796148267
18.674486803519063,0.8846704099898915
18.72238514173998,0.8455004449735329
18.7702834799609,0.7508291787427677
18.818181818181817,0.6906268616123247
18.866080156402738,0.6050774299953322
18.913978494623656,0.5199533128466644
18.961876832844574,0.40877120550358936
19.009775171065492,0.3467694780709021
19.057673509286413,0.2663813988300253
19.10557184750733,0.19055263453807936
19.15347018572825,0.12709237411951205
19.201368523949167,0.1434616298887254
19.24926686217009,0.05529956559532813
19.297165200391007,0.025569956224298217
19.345063538611925,0.06259160135089802
19.392961876832842,-0.01424795115207965
19.440860215053764,0.0253537872628994
19.488758553274682,-0.026841226676546967
19.5366568914956,0.05971175855362676
19.58455522971652,0.007339705383426796
19.63245356793744,0.02786034837377934
19.680351906158357,0.1167479735471123
19.728250244379275,0.14762427623136956
19.776148582600197,0.16119592472901317
19.824046920821115,0.3065727494078238
19.871945259042032,0.3759175453850059
19.91984359726295,0.36779588135341496
19.967741935483872,0.45135661591606063
20.01564027370479,2.0465531870563285
20.063538611925708,2.045382559306574
20.111436950146626,2.0505009344712004
20.159335288367547,2.0054728185701487
20.207233626588465,1.9805204338510085
20.255131964809383,1.9612753026208147
20.3030303030303,1.9322773244064921
20.350928641251222,1.884251621487062
20.39882697947214,1.921030029447909
20.44672531769306,1.82527458186041
20.49462365591398,1.7838519707364533
20.542521994134898,1.7586129721942654
20.590420332355816,1.6706404060294895
20.638318670576734,1.6791569022060184
20.686217008797655,1.5868171495549406
20.734115347018573,1.5476625254582916
20.78201368523949,1.4870155500649158
20.82991202346041,1.4172021857521553
20.87781036168133,1.3494570864743882
20.92570869990225,1.2495429709377892
20.973607038123166,1.1726812084753866
21.021505376344084,1.087757833955096
21.069403714565006,1.0440584084422082
21.117302052785924,1.0135744486811158
21.16520039100684,0.8858553453609201
21.21309872922776,0.8652882241181179
21.26099706744868,0.7315697285380774
21.3088954056696,0.7023645813545609
21.356793743890517,0.616114700903408
21.404692082111435,0.5365138229426809
21.452590420332356,0.44040179715457295
21.500488758553274,0.2831851146998695
21.548387096774192,0.2864895228604821
21.596285434995114,0.1819862854930921
21.64418377321603,0.08800607815776242
21.69208211143695,0.0012813157814599574
21.739980449657867,-0.042004587321608805
21.78787878787879,-0.18637429220275945
21.835777126099707,-0.19723904740311865
21.883675464320625,-0.24003472613411683
21.931573802541543,-0.40036388531518674
21.979472140762464,-0.44698072527932714
22.027370478983382,-0.5344856254098527
22.0752688172043,-0.5004283062115308
22.123167155425218,-0.606806324857796
22.17106549364614,-0.682703616931466
22.218963831867057,-0.7446159922923647
22.266862170087975,-0.7778429188911622
22.314760508308893,-0.8110862980859466
22.362658846529815,-0.820552219864091
22.410557184750733,-0.9165011647721173
22.45845552297165,-0.9494440464841503
22.506353861192572,-0.9215682891613645
22.55425219941349,-1.0020974141742693
22.602150537634408,-0.9945651800430204
22.650048875855326,-1.0278641083997226
22.697947214076247,-1.057217776357821
22.745845552297165,-1.096277840786247
22.793743890518083,-1.0831346476401618
22.841642228739,-1.111907809392774
22.889540566959923,-1.1087906702494827
22.93743890518084,-1.1107596951715233
22.98533724340176,-1.0395184101206254
23.033235581622677,-1.0235289778219148
23.081133919843598,-1.1008535787159384
23.129032258064516,-1.0696805733875816
23.176930596285434,-1.0470978417219097
23.224828934506352,-1.0294303613892979
23.272727272727273,-0.9790636791704432
23.32062561094819,-0.9613825229126848
23.36852394916911,-0.8932340590689172
23.416422287390027,-0.9062308949861033
23.46432062561095,-0.8820183226982832
23.512218963831867,-0.8256890780163615
23.560117302052785,-0.7545081367384375
23.608015640273706,-0.7690680901230089
23.655913978494624,-0.7319024604762964
23.703812316715542,-0.6460973560025881
23.75171065493646,-0.647096502264335
23.79960899315738,-0.6009425410639692
23.8475073313783,-0.5603025783910124
23.895405669599217,-0.5651362647530156
23.943304007820135,-0.5324515695591303
23.991202346041057,-0.41204069395805953
24.039100684261975,-0.4117619074217087
24.086999022482892,-0.4127269362449314
24.13489736070381,-0.327658887125512
24.182795698924732,-0.30077743076468477
24.23069403714565,-0.22847159505310238
24.278592375366568,-0.20297656223542765
24.326490713587486,-0.15526088605298807
24.374389051808407,-0.17907345081886866
24.422287390029325,-0.15970000269697998
24.470185728250243,-0.08135528170776726
24.518084066471165,-0.05618217074145443
24.565982404692082,-0.09066939986421829
24.613880742913,-0.03274679280193691
24.66177908113392,-0.04879322852847989
24.70967741935484,-0.01216862771492222
24.757575757575758,0.05957991781111738
24.805474095796676,0.01551103749751176
24.853372434017594,0.007998839579489683
24.901270772238515,0.05456342578833166
24.949169110459433,0.07888846039561474
24.99706744868035,0.031762378494381814
25.04496578690127,0.0721687587855123
25.09286412512219,0.051875874863682996
25.14076246334311,0.08716735505584068
25.188660801564026,0.005123273004084019
25.236559139784944,0.015571609220467186
25.284457478005866,0.035279501441352085
25.332355816226784,-0.02804212886535655
25.3802541544477,-0.0070803659277590275
25.42815249266862,-0.037648960085355856
25.47605083088954,-0.11555857961818762
25.52394916911046,-0.056341008178658336
25.571847507331377,-0.09624474084986943
25.6197458455523,-0.13826841309842702
25.667644183773216,-0.22554229782544302
25.715542521994134,-0.25908083269934806
25.763440860215052,-0.28230038477279784
25.811339198435974,-0.3126317104944429
25.85923753665689,-0.3463411068204769
25.90713587487781,-0.4126604399431749
25.955034213098727,-0.4466985723944633
26.00293255131965,-0.4472096400389869
26.050830889540567,-0.45900217231226786
26.098729227761485,-0.5642428805570467
26.146627565982403,-0.5427504326467244
26.194525904203324,-0.6384831483495499
26.242424242424242,-0.6610945082252123
26.29032258064516,-0.6463621225464025
26.338220918866078,-0.750153005673791
26.386119257087,-0.7692026680103125
26.434017595307918,-0.780827778051925
26.481915933528835,-0.8213682789518773
26.529814271749753,-0.9092473554737223
26.577712609970675,-0.8738372843819622
26.625610948191593,-0.8863530730896122
26.67350928641251,-1.001565133814856
26.721407624633432,-0.9370360756802145
26.76930596285435,-1.0449015475916503
26.817204301075268,-1.0270395060995563
26.865102639296186,-1.0757583092142036
26.913000977517108,-1.1000980866201626
26.960899315738025,-1.11083113125108
27.008797653958943,-1.1031551308203782
27.05669599217986,-1.037075432766164
27.104594330400783,-1.0912650324403859
27.1524926686217,-1.0979978241740533
27.20039100684262,-1.0412084433483433
27.248289345063537,-1.0433434584248809
27.296187683284458,-1.0775644383863128
27.344086021505376,-1.0447707177783583
27.391984359726294,-0.9611002617946985
27.439882697947212,-0.982679409903938
27.487781036168133,-0.9708971156341968
27.53567937438905,-0.9378641164925816
27.58357771260997,-0.9064749697626829
27.63147605083089,-0.8142601550615253
27.67937438905181,-0.8197033526948343
27.727272727272727,-0.7728506219049803
27.775171065493645,-0.745548958152295
27.823069403714566,-0.7079156106348709
27.870967741935484,-0.6060862013499815
27.918866080156402,-0.5853909489783804
27.96676441837732,-0.4881083309341663
28.01466275659824,-0.43958719351652265
28.06256109481916,-0.38415490549150494
28.110459433040077,-0.2970259789507249
28.158357771260995,-0.22308216022977642
28.206256109481917,-0.16936163363569143
28.254154447702835,-0.03998063095886313
28.302052785923753,0.03540641103894672
28.34995112414467,0.11010175879596203
28.397849462365592,0.12946743114231304
28.44574780058651,0.2611666670183014
28.493646138807428,0.3048532148495723
28.541544477028346,0.447883708558502
28.589442815249267,0.5264863524259913
28.637341153470185,0.5663373865105273
28.685239491691103,0.6167250114269264
28.733137829912025,0.7529640543915374
28.781036168132943,0.8250847212402769
28.82893450635386,0.8742448159239092
28.87683284457478,0.9934209014653552
28.9247311827957,1.0387011413898382
28.972629521016618,1.149480774128255
29.020527859237536,1.1659169762903159
29.068426197458454,1.2267206277899998
29.116324535679375,1.383101362054593
29.164222873900293,1.4049345265032256
29.21212121212121,1.4544551529457121
29.26001955034213,1.5165874560370565
29.30791788856305,1.5742699761360495
29.35581622678397,1.6392910831822385
29.403714565004886,1.7417079573853707
29.451612903225804,1.7737997347083818
29.499511241446726,1.8472113449169743
29.547409579667644,1.8484670764324964
29.59530791788856,1.8649248672131178
29.643206256109483,1.9583238528886477
29.6911045943304,1.9629884885323063
29.73900293255132,2.0251819602599817
29.786901270772237,2.0514902153224237
29.83479960899316,2.0730679556699543
29.882697947214076,2.041696322703281
29.930596285434994,2.056046467553182
29.978494623655912,2.0560578077083376
30.026392961876834,2.0187309536853486
30.07429130009775,1.9990028271927334
30.12218963831867,1.9954037886635176
30.170087976539588,2.02932585764316
30.21798631476051,1.9876363641913604
30.265884652981427,1.9196537268523999
30.313782991202345,1.8176335572014601
30.361681329423263,1.7891039284481927
30.409579667644184,1.6912285351738015
30.457478005865102,1.6233923849445708
30.50537634408602,1.4803583221533476
30.553274682306938,1.3469419428886749
30.60117302052786,1.3343305723355166
30.649071358748778,1.1687239968991217
30.696969696969695,1.0871391137127435
30.744868035190617,0.9139580010898988
30.792766373411535,0.840800306502647
30.840664711632453,0.7189206244488142
30.88856304985337,0.6125594169052513
30.936461388074292,0.49380169918652606
30.98435972629521,0.4188970050785546
31.032258064516128,0.30245106417956036
31.080156402737046,0.2246728811667976
31.128054740957968,0.10156704809754001
31.175953079178885,0.03997048575784
31.223851417399803,-0.02213554339437601
31.27174975562072,-0.14503898383649994
31.319648093841643,-0.22420153520318972
31.36754643206256,-0.2659233776465426
31.41544477028348,-0.33042289767960936
31.463343108504397,-0.30341083762696386
31.511241446725318,-0.40982310534401734
31.559139784946236,-0.39120519069528725
31.607038123167154,-0.4231793475135284
31.654936461388075,-0.4246848638752352
31.702834799608993,-0.34395177921461156
31.75073313782991,-0.3874776306234038
31.79863147605083,-0.3582632580843315
31.84652981427175,-0.3343229555573841
31.89442815249267,-0.2997160960224841
31.942326490713587,-0.22019876031269509
31.990224828934505,-0.1399241416730863
32.038123167155426,-0.09330914861841594
32.086021505376344,-0.0169868438613478
32.13391984359726,0.07132200562806622
32.18181818181818,0.0905782981724085
32.229716520039105,0.18669163038997838
32.27761485826002,0.23843796042688215
32.32551319648094,0.3521756367533979
32.37341153470186,0.348378457903159
32.42130987292278,0.4045837969286566
32.469208211143695,0.5531017885002114
32.51710654936461,0.547726172505902
32.56500488758553,0.5939485388935903
32.61290322580645,0.6318245587735194
32.660801564027366,0.7306376696950367
32.708699902248284,0.7677654917229276
32.75659824046921,0.8009768451550472
32.80449657869013,0.7552038936159484
32.852394916911045,0.7886943634644025
32.90029325513196,0.7683194120284466
32.94819159335289,0.7913383096738124
32.996089931573806,0.7630948012870615
33.043988269794724,0.7232057822504322
33.09188660801564,0.6926643583763814
33.13978494623656,0.6197107094759062
33.18768328445748,0.6021738542741487
33.235581622678396,0.4597798823991119
33.283479960899314,0.42780466396414674
33.33137829912023,0.36003860154243145
33.37927663734115,0.26309194079037934
33.427174975562075,0.14836598317230976
33.47507331378299,0.019489227262506327
33.52297165200391,-0.06835503411917411
33.57086999022483,-0.23420816957312465
33.618768328445746,-0.31261592745975963
33.666666666666664,-0.4873729344160503
33.71456500488758,-0.5360888924756527
33.76246334310851,-0.7004582359163706
33.810361681329425,-0.8268313892888334
33.85826001955034,-0.9087630357095697
33.90615835777126,-1.0398029452148319
33.95405669599218,-1.1284418418207656
34.0019550342131,-1.2384512891697703
34.049853372434015,-1.3960378309637937
34.09775171065493,-1.4402191119964098
34.14565004887586,-1.539066345192531
34.193548387096776,-1.6596947234683428
34.241446725317694,-1.6623415395661416
34.28934506353861,-1.710130546859754
34.33724340175953,-1.823295240500046
34.38514173998045,-1.8877983884443643
34.433040078201365,-1.9067197569610956
34.48093841642228,-1.9184878475733207
34.52883675464321,-1.901740850067966
34.576735092864126,-1.8541664393691344
34.624633431085044,-1.9260154506298086
34.67253176930596,-1.9111060469502104
34.72043010752688,-1.8435221732854772
34.7683284457478,-1.7800231587615605
34.816226783968716,-1.6934143446407508
34.86412512218964,-1.6319989773177501
34.91202346041056,-1.5811027147894183
34.95992179863148,-1.546301776109031
35.007820136852395,-1.3979759368601121
35.05571847507331,-1.3843967867973794
35.10361681329423,-1.2138407992520224
35.15151515151515,-1.191700688372533
35.19941348973607,-1.0618194573504363
35.24731182795699,-0.9055393387380333
35.29521016617791,-0.8399977035262937
35.34310850439883,-0.7574936443900914
35.391006842619745,-0.6218106821991574
35.43890518084066,-0.5146827642906115
35.48680351906158,-0.38936607526927525
35.5347018572825,-0.3716079674029297
35.58260019550342,-0.20648495859710186
35.63049853372434,-0.20537139414888705
35.67839687194526,-0.08900267551414807
35.72629521016618,0.01891555991844321
35.774193548387096,0.06611472718730296
35.822091886608014,0.07405713879302364
35.86999022482893,0.13145355540442985
35.91788856304985,0.2075935927939132
35.965786901270775,0.1939507639758497
36.01368523949169,0.27649740649465104
36.06158357771261,0.221994601441069
36.10948191593353,0.27172005630212703
36.15738025415445,0.25646342111974546
36.205278592375365,0.25629752381962806
36.25317693059628,0.16328582850767448
36.3010752688172,0.12510918309498242
36.348973607038126,0.16277118890355988
36.39687194525904,0.05460078005486042
36.44477028347996,0.03658097229316887
36.49266862170088,-0.03947664702320246
36.5405669599218,-0.045759146868145764
36.588465298142715,-0.1920581521666795
36.63636363636363,-0.23985471670967184
36.68426197458455,-0.2786766820339931
36.732160312805476,-0.35096714467186896
36.780058651026394,-0.440728083566854
36.82795698924731,-0.5085851456324101
36.87585532746823,-0.5629262430562942
36.92375366568915,-0.6106184419270332
36.971652003910066,-0.684251614215691
37.019550342130984,-0.7847542827771976
37.06744868035191,-0.8664341962594027
37.11534701857283,-0.8841122593111165
37.163245356793745,-0.9391457087446771
37.21114369501466,-0.9074207826758423
37.25904203323558,-0.9806799340550347
37.3069403714565,-0.9483189205004718
37.354838709677416,-0.9521973402521319
37.402737047898334,-1.011740736584987
37.45063538611926,-0.9807251747651601
37.49853372434018,-0.9878644665028078
37.546432062561095,-0.9442126070420482
37.59433040078201,-0.8485465294170085
37.64222873900293,-0.8591470557063956
37.69012707722385,-0.736926396841909
37.73802541544477,-0.701145036626511
37.785923753665685,-0.5651279398195617
37.83382209188661,-0.47294901537420814
37.88172043010753,-0.42242156741681947
37.929618768328446,-0.28906481860843347
37.977517106549364,-0.17234706636379954
38.02541544477028,-0.12166389157971644
38.0733137829912,-0.005888538961687251
38.12121212121212,0.14605148949434876
38.16911045943304,0.3083472519168326
38.21700879765396,0.46051642759076
38.26490713587488,0.5532331425044182
38.312805474095796,0.6666436423025086
38.360703812316714,0.7898579402186947
38.40860215053763,0.895509611303561
38.45650048875855,1.0486723886643659
38.50439882697947,1.1013918049229146
38.55229716520039,1.302981046701564
38.60019550342131,1.3588103134386191
38.64809384164223,1.473435858415196
38.69599217986315,1.5597204246816927
38.743890518084065,1.5798164743285215
38.79178885630498,1.7303822576628984
38.8396871945259,1.6924422395363836
38.887585532746826,1.7890958553413416
38.935483870967744,1.8165840435369367
38.98338220918866,1.8252022919868187
39.03128054740958,1.8949981443866262
39.0791788856305,1.8575041123080502
39.127077223851416,1.8523548152450195
39.17497556207233,1.8899602616732636
39.22287390029325,1.8508568671782972
39.270772238514176,1.800552905374955
39.318670576735094,1.7690077441732452
39.36656891495601,1.6756012288544397
39.41446725317693,1.6588041099090858
39.46236559139785,1.5885809644844167
39.510263929618766,1.484513692108532
39.558162267839684,1.4454252803154468
39.6060606060606,1.3511400791161017
39.65395894428153,1.2146490556364258
39.701857282502445,1.109980081496185
39.74975562072336,1.0209723152455197
39.79765395894428,0.9002560908100089
39.8455522971652,0.8077285537789584
39.89345063538612,0.7425117793554934
39.941348973607035,0.7062844325897816
39.98924731182796,0.582546564521619
40.03714565004888,0.5331269759708644
40.085043988269796,0.4046602977019759
40.13294232649071,0.361122062782961
40.18084066471163,0.21424368833752228
40.22873900293255,0.17481576021372774
40.27663734115347,0.13567928091816228
40.324535679374385,0.11234105890040699
40.37243401759531,0.0424337968239318
40.42033235581623,0.04168594617191051
40.468230694037146,0.017137660148134434
40.516129032258064,-0.04466504409832193
40.56402737047898,0.041524821577586815
40.6119257086999,-0.028345045081396947
40.65982404692082,0.019145083131957494
40.707722385141736,0.04139870935518204
40.75562072336266,0.09259663996551445
40.80351906158358,0.09618638663543322
40.8514173998045,0.12849462074730403
40.899315738025415,0.23155433053281044
40.94721407624633,0.2878136774521789
40.99511241446725,0.3128642969039815
41.04301075268817,0.45120008788000965
41.09090909090909,0.4646589242694092
41.13880742913001,0.567128045894443
41.18670576735093,0.6112989487516169
41.23460410557185,0.7498965399466069
41.282502443792765,0.8137621162348441
41.33040078201368,0.9189036801407501
41.3782991202346,1.0009047214547515
41.42619745845552,1.024838756235891
41.474095796676444,1.139923464255052
41.52199413489736,1.147351873979701
41.56989247311828,1.2493797690101822
41.6177908113392,1.318658538999775
41.665689149560116,1.268048316324953
41.713587487781034,1.364209404620694
41.76148582600195,1.3534803871769758
41.80938416422287,1.4360267729221123
41.857282502443795,1.3696684764895513
41.90518084066471,1.4216555793474728
41.95307917888563,1.4251729770329797
42.00097751710655,1.3514961705209136
42.048875855327466,1.3017445755011474
42.096774193548384,1.309433076174356
42.1446725317693,1.2167536947247635
42.19257086999023,1.1476453773956716
42.240469208211145,1.1335101707136475
42.28836754643206,1.0153512447371171
42.33626588465298,0.8796648348432523
42.3841642228739,0.858779550447951
42.43206256109482,0.6665517770233974
42.479960899315735,0.645101997050014
42.52785923753665,0.4419803611836999
42.57575757575758,0.3892388125257964
42.623655913978496,0.2076129580464413
42.671554252199414,0.13869838308262922
42.71945259042033,-0.01952203000466015
42.76735092864125,-0.18438412443759078
42.81524926686217,-0.2919333821994177
42.863147605083086,-0.45931484512020226
42.91104594330401,-0.49762191021867946
42.95894428152493,-0.7004702434955404
43.006842619745846,-0.7920891519063396
43.054740957966764,-0.9244040733841686
43.10263929618768,-1.0124864678790406
43.1505376344086,-1.0914039055140232
43.19843597262952,-1.2281515658323168
43.246334310850436,-1.2503940191533343
43.29423264907136,-1.292579419860376
43.34213098729228,-1.4089685902438176
43.3900293255132,-1.4441166420330647
43.437927663734115,-1.5034796600761806
43.48582600195503,-1.5133639012328302
43.53372434017595,-1.5334528758828998
43.58162267839687,-1.5297026807234304
43.62952101661779,-1.5634338998156578
43.67741935483871,-1.5823905030496874
43.72531769305963,-1.5504012210866116
43.77321603128055,-1.4734786912196483
43.821114369501466,-1.5027331959699146
43.86901270772238,-1.473560350696879
43.9169110459433,-1.407213610569597
43.96480938416422,-1.334541646286027
44.012707722385144,-1.2870429709745825
44.06060606060606,-1.141549500092105
44.10850439882698,-1.1135152968630762
44.1564027370479,-1.0225036697376289
44.204301075268816,-0.9076010026826863
44.252199413489734,-0.8012408080878317
44.30009775171065,-0.7986444014516412
44.34799608993157,-0.623464631509994
44.395894428152495,-0.6100069480499221
44.44379276637341,-0.46476531686603556
44.49169110459433,-0.4191002647216426
44.53958944281525,-0.3585475358858258
44.58748778103617,-0.306734400950626
44.635386119257085,-0.2500746686707711
44.683284457478,-0.18462678085392914
44.73118279569892,-0.12568389156473536
44.779081133919846,-0.09097478652419055
44.82697947214076,-0.049759071871121316
44.87487781036168,0.016634607898805817
44.9227761485826,0.026906874286146333
44.97067448680352,0.023586863098893417
45.018572825024435,0.039860450663527384
45.06647116324535,0.07663332837987086
45.11436950146628,0.000918341675064837
45.162267839687196,-0.023735055805085923
45.210166177908114,-0.00373415345985742
45.25806451612903,-0.09473326729871592
45.30596285434995,-0.09861372145268081
45.35386119257087,-0.2012498774741554
45.401759530791786,-0.2532896992428166
45.449657869012704,-0.2784408052627627
45.49755620723363,-0.3778840851852727
45.54545454545455,-0.5221717177439164
45.593352883675465,-0.5633977583019044
45.64125122189638,-0.6736034327656488
45.6891495601173,-0.6849520124600816
45.73704789833822,-0.7998108260006724
45.784946236559136,-0.9280662377675949
45.832844574780054,-0.9614341200811318
45.88074291300098,-1.1031506884051294
45.9286412512219,-1.1363166206362025
45.976539589442815,-1.2624741022573793
46.02443792766373,-1.2665592564258314
46.07233626588465,-1.3438698494659629
46.12023460410557,-1.4552271426091632
46.16813294232649,-1.4738388574699042
46.21603128054741,-1.5338061497988678
46.26392961876833,-1.5055874730308323
46.31182795698925,-1.588200621039101
46.359726295210166,-1.5625038278463697
46.407624633431084,-1.56436305929236
46.455522971652,-1.5360559081180227
46.50342130987292,-1.5628542870546156
46.55131964809384,-1.520899839164665
46.59921798631476,-1.4773918886941129
46.64711632453568,-1.388205141502848
46.6950146627566,-1.3575771828899892
46.742913000977516,-1.244940063586358
46.790811339198434,-1.2229625241713886
46.83870967741935,-1.1309314865136726
46.88660801564027,-1.0333601842474203
46.93450635386119,-0.8996245629449702
46.98240469208211,-0.8374853457316992
47.03030303030303,-0.6984491849822437
47.07820136852395,-0.5210169335240667
47.12609970674487,-0.4768619583637203
47.173998044965785,-0.27511605881922613
47.2218963831867,-0.2261036902159058
47.26979472140762,-0.08536908917123179
47.317693059628546,0.11755152860893713
47.365591397849464,0.2149665666402934
47.41348973607038,0.28682828907335095
47.4613880742913,0.4508313268041113
47.50928641251222,0.5503583600671009
47.557184750733136,0.6948400659742235
47.60508308895405,0.7905292832727199
47.65298142717497,0.9298454200894591
47.7008797653959,0.9389507475051309
47.748778103616814,1.0797857554112769
47.79667644183773,1.1246278693811718
47.84457478005865,1.1839913114558756
47.89247311827957,1.301190389943387
47.940371456500486,1.3638216484348606
47.988269794721404,1.3820942592681074
48.03616813294233,1.374092240807834
48.08406647116325,1.3930650059970384
48.131964809384165,1.3878574451553467
48.17986314760508,1.3744476917247688
48.227761485826,1.423306642264401
48.27565982404692,1.3366492239601795
48.32355816226784,1.363356143397191
48.371456500488755,1.2820571565159005
48.41935483870968,1.2455127126194423
48.4672531769306,1.1533024175542705
48.515151515151516,1.1501359912636009
48.56304985337243,1.039404381500392
48.61094819159335,1.009294725402421
48.65884652981427,0.8660541689385693
48.70674486803519,0.788937563607059
48.754643206256105,0.7667944200642082
48.80254154447703,0.6419916506271485
48.85043988269795,0.5414993880664515
48.898338220918866,0.5046716564374056
48.946236559139784,0.48120522824273015
48.9941348973607,0.3477011509651308
49.04203323558162,0.25915386887294745
49.08993157380254,0.1901362254873344
49.13782991202346,0.179730779267222
49.18572825024438,0.16912013462774672
49.2336265884653,0.12294641966988275
49.28152492668622,0.011191966292834822
49.329423264907135,0.03668693130651853
49.37732160312805,-0.018065714855602367
49.42521994134897,-0.048475358303280494
49.47311827956989,-0.0036244580200918905
49.52101661779081,0.01893997702892533
49.56891495601173,-0.00826464092411202
49.61681329423265,0.005574050725939861
49.66471163245357,0.05776913148976013
49.712609970674485,0.1448321783495234
49.7605083088954,0.1585686893141302
49.80840664711632,0.24111836870426542
49.85630498533724,0.27880231868668853
49.904203323558164,0.3690514687001444
49.95210166177908,0.502609489089012
50.0,0.5525138190659038
